2025-02-16 21:50:25,042 - INFO - HTTP Request: POST https://wdibahzeizsqpwrhcsnv.supabase.co/rest/v1/questions?columns=%22correct_option_id%22%2C%22exam_id%22%2C%22content%22 "HTTP/2 201 Created"
2025-02-16 21:50:25,180 - INFO - HTTP Request: POST https://wdibahzeizsqpwrhcsnv.supabase.co/rest/v1/question_analysis?columns=%22question_id%22%2C%22exam_id%22%2C%22difficulty_index%22%2C%22rpbis%22%2C%22discrimination_index%22 "HTTP/2 201 Created"
2025-02-16 21:50:25,387 - INFO - HTTP Request: POST https://wdibahzeizsqpwrhcsnv.supabase.co/rest/v1/options?columns=%22question_id%22%2C%22content%22 "HTTP/2 201 Created"
2025-02-16 21:50:25,519 - INFO - HTTP Request: POST https://wdibahzeizsqpwrhcsnv.supabase.co/rest/v1/option_analysis?columns=%22exam_id%22%2C%22selection_rate%22%2C%22rpbis%22%2C%22discrimination_index%22%2C%22option_id%22 "HTTP/2 201 Created"
2025-02-16 21:50:25,646 - INFO - HTTP Request: POST https://wdibahzeizsqpwrhcsnv.supabase.co/rest/v1/options?columns=%22question_id%22%2C%22content%22 "HTTP/2 201 Created"
2025-02-16 21:50:25,774 - INFO - HTTP Request: POST https://wdibahzeizsqpwrhcsnv.supabase.co/rest/v1/option_analysis?columns=%22exam_id%22%2C%22selection_rate%22%2C%22rpbis%22%2C%22discrimination_index%22%2C%22option_id%22 "HTTP/2 201 Created"
2025-02-16 21:50:25,924 - INFO - HTTP Request: POST https://wdibahzeizsqpwrhcsnv.supabase.co/rest/v1/options?columns=%22question_id%22%2C%22content%22 "HTTP/2 201 Created"
2025-02-16 21:50:26,063 - INFO - HTTP Request: POST https://wdibahzeizsqpwrhcsnv.supabase.co/rest/v1/option_analysis?columns=%22exam_id%22%2C%22selection_rate%22%2C%22rpbis%22%2C%22discrimination_index%22%2C%22option_id%22 "HTTP/2 201 Created"
2025-02-16 21:50:26,205 - INFO - HTTP Request: POST https://wdibahzeizsqpwrhcsnv.supabase.co/rest/v1/options?columns=%22question_id%22%2C%22content%22 "HTTP/2 201 Created"
2025-02-16 21:50:26,325 - INFO - HTTP Request: POST https://wdibahzeizsqpwrhcsnv.supabase.co/rest/v1/option_analysis?columns=%22exam_id%22%2C%22selection_rate%22%2C%22rpbis%22%2C%22discrimination_index%22%2C%22option_id%22 "HTTP/2 201 Created"
2025-02-16 21:50:26,455 - INFO - HTTP Request: PATCH https://wdibahzeizsqpwrhcsnv.supabase.co/rest/v1/questions?id=eq.863 "HTTP/2 200 OK"
2025-02-16 21:50:26,587 - INFO - HTTP Request: POST https://wdibahzeizsqpwrhcsnv.supabase.co/rest/v1/questions?columns=%22correct_option_id%22%2C%22exam_id%22%2C%22content%22 "HTTP/2 201 Created"
2025-02-16 21:50:26,707 - INFO - HTTP Request: POST https://wdibahzeizsqpwrhcsnv.supabase.co/rest/v1/question_analysis?columns=%22question_id%22%2C%22exam_id%22%2C%22difficulty_index%22%2C%22rpbis%22%2C%22discrimination_index%22 "HTTP/2 201 Created"
2025-02-16 21:50:26,832 - INFO - HTTP Request: POST https://wdibahzeizsqpwrhcsnv.supabase.co/rest/v1/options?columns=%22question_id%22%2C%22content%22 "HTTP/2 201 Created"
2025-02-16 21:50:26,963 - INFO - HTTP Request: POST https://wdibahzeizsqpwrhcsnv.supabase.co/rest/v1/option_analysis?columns=%22exam_id%22%2C%22selection_rate%22%2C%22rpbis%22%2C%22discrimination_index%22%2C%22option_id%22 "HTTP/2 201 Created"
2025-02-16 21:50:27,098 - INFO - HTTP Request: POST https://wdibahzeizsqpwrhcsnv.supabase.co/rest/v1/options?columns=%22question_id%22%2C%22content%22 "HTTP/2 201 Created"
2025-02-16 21:50:27,226 - INFO - HTTP Request: POST https://wdibahzeizsqpwrhcsnv.supabase.co/rest/v1/option_analysis?columns=%22exam_id%22%2C%22selection_rate%22%2C%22rpbis%22%2C%22discrimination_index%22%2C%22option_id%22 "HTTP/2 201 Created"
2025-02-16 21:50:27,346 - INFO - HTTP Request: POST https://wdibahzeizsqpwrhcsnv.supabase.co/rest/v1/options?columns=%22question_id%22%2C%22content%22 "HTTP/2 201 Created"
2025-02-16 21:50:27,469 - INFO - HTTP Request: POST https://wdibahzeizsqpwrhcsnv.supabase.co/rest/v1/option_analysis?columns=%22exam_id%22%2C%22selection_rate%22%2C%22rpbis%22%2C%22discrimination_index%22%2C%22option_id%22 "HTTP/2 201 Created"
2025-02-16 21:50:27,601 - INFO - HTTP Request: POST https://wdibahzeizsqpwrhcsnv.supabase.co/rest/v1/options?columns=%22question_id%22%2C%22content%22 "HTTP/2 201 Created"
2025-02-16 21:50:27,717 - INFO - HTTP Request: POST https://wdibahzeizsqpwrhcsnv.supabase.co/rest/v1/option_analysis?columns=%22exam_id%22%2C%22selection_rate%22%2C%22rpbis%22%2C%22discrimination_index%22%2C%22option_id%22 "HTTP/2 201 Created"
2025-02-16 21:50:27,844 - INFO - HTTP Request: PATCH https://wdibahzeizsqpwrhcsnv.supabase.co/rest/v1/questions?id=eq.864 "HTTP/2 200 OK"
2025-02-16 21:50:27,966 - INFO - HTTP Request: POST https://wdibahzeizsqpwrhcsnv.supabase.co/rest/v1/questions?columns=%22correct_option_id%22%2C%22exam_id%22%2C%22content%22 "HTTP/2 201 Created"
2025-02-16 21:50:28,092 - INFO - HTTP Request: POST https://wdibahzeizsqpwrhcsnv.supabase.co/rest/v1/question_analysis?columns=%22question_id%22%2C%22exam_id%22%2C%22difficulty_index%22%2C%22rpbis%22%2C%22discrimination_index%22 "HTTP/2 201 Created"
2025-02-16 21:50:28,225 - INFO - HTTP Request: POST https://wdibahzeizsqpwrhcsnv.supabase.co/rest/v1/options?columns=%22question_id%22%2C%22content%22 "HTTP/2 201 Created"
2025-02-16 21:50:28,371 - INFO - HTTP Request: POST https://wdibahzeizsqpwrhcsnv.supabase.co/rest/v1/option_analysis?columns=%22exam_id%22%2C%22selection_rate%22%2C%22rpbis%22%2C%22discrimination_index%22%2C%22option_id%22 "HTTP/2 201 Created"
2025-02-16 21:50:28,519 - INFO - HTTP Request: POST https://wdibahzeizsqpwrhcsnv.supabase.co/rest/v1/options?columns=%22question_id%22%2C%22content%22 "HTTP/2 201 Created"
2025-02-16 21:50:28,661 - INFO - HTTP Request: POST https://wdibahzeizsqpwrhcsnv.supabase.co/rest/v1/option_analysis?columns=%22exam_id%22%2C%22selection_rate%22%2C%22rpbis%22%2C%22discrimination_index%22%2C%22option_id%22 "HTTP/2 201 Created"
2025-02-16 21:50:28,797 - INFO - HTTP Request: POST https://wdibahzeizsqpwrhcsnv.supabase.co/rest/v1/options?columns=%22question_id%22%2C%22content%22 "HTTP/2 201 Created"
2025-02-16 21:50:28,918 - INFO - HTTP Request: POST https://wdibahzeizsqpwrhcsnv.supabase.co/rest/v1/option_analysis?columns=%22exam_id%22%2C%22selection_rate%22%2C%22rpbis%22%2C%22discrimination_index%22%2C%22option_id%22 "HTTP/2 201 Created"
2025-02-16 21:50:29,060 - INFO - HTTP Request: POST https://wdibahzeizsqpwrhcsnv.supabase.co/rest/v1/options?columns=%22question_id%22%2C%22content%22 "HTTP/2 201 Created"
2025-02-16 21:50:29,183 - INFO - HTTP Request: POST https://wdibahzeizsqpwrhcsnv.supabase.co/rest/v1/option_analysis?columns=%22exam_id%22%2C%22selection_rate%22%2C%22rpbis%22%2C%22discrimination_index%22%2C%22option_id%22 "HTTP/2 201 Created"
2025-02-16 21:50:29,299 - INFO - HTTP Request: PATCH https://wdibahzeizsqpwrhcsnv.supabase.co/rest/v1/questions?id=eq.865 "HTTP/2 200 OK"
2025-02-16 21:50:29,457 - INFO - HTTP Request: POST https://wdibahzeizsqpwrhcsnv.supabase.co/rest/v1/questions?columns=%22correct_option_id%22%2C%22exam_id%22%2C%22content%22 "HTTP/2 201 Created"
2025-02-16 21:50:29,603 - INFO - HTTP Request: POST https://wdibahzeizsqpwrhcsnv.supabase.co/rest/v1/question_analysis?columns=%22question_id%22%2C%22exam_id%22%2C%22difficulty_index%22%2C%22rpbis%22%2C%22discrimination_index%22 "HTTP/2 201 Created"
2025-02-16 21:50:29,732 - INFO - HTTP Request: POST https://wdibahzeizsqpwrhcsnv.supabase.co/rest/v1/options?columns=%22question_id%22%2C%22content%22 "HTTP/2 201 Created"
2025-02-16 21:50:29,874 - INFO - HTTP Request: POST https://wdibahzeizsqpwrhcsnv.supabase.co/rest/v1/option_analysis?columns=%22exam_id%22%2C%22selection_rate%22%2C%22rpbis%22%2C%22discrimination_index%22%2C%22option_id%22 "HTTP/2 201 Created"
2025-02-16 21:50:30,004 - INFO - HTTP Request: POST https://wdibahzeizsqpwrhcsnv.supabase.co/rest/v1/options?columns=%22question_id%22%2C%22content%22 "HTTP/2 201 Created"
2025-02-16 21:50:30,148 - INFO - HTTP Request: POST https://wdibahzeizsqpwrhcsnv.supabase.co/rest/v1/option_analysis?columns=%22exam_id%22%2C%22selection_rate%22%2C%22rpbis%22%2C%22discrimination_index%22%2C%22option_id%22 "HTTP/2 201 Created"
2025-02-16 21:50:30,267 - INFO - HTTP Request: POST https://wdibahzeizsqpwrhcsnv.supabase.co/rest/v1/options?columns=%22question_id%22%2C%22content%22 "HTTP/2 201 Created"
2025-02-16 21:50:30,399 - INFO - HTTP Request: POST https://wdibahzeizsqpwrhcsnv.supabase.co/rest/v1/option_analysis?columns=%22exam_id%22%2C%22selection_rate%22%2C%22rpbis%22%2C%22discrimination_index%22%2C%22option_id%22 "HTTP/2 201 Created"
2025-02-16 21:50:30,522 - INFO - HTTP Request: POST https://wdibahzeizsqpwrhcsnv.supabase.co/rest/v1/options?columns=%22question_id%22%2C%22content%22 "HTTP/2 201 Created"
2025-02-16 21:50:30,654 - INFO - HTTP Request: POST https://wdibahzeizsqpwrhcsnv.supabase.co/rest/v1/option_analysis?columns=%22exam_id%22%2C%22selection_rate%22%2C%22rpbis%22%2C%22discrimination_index%22%2C%22option_id%22 "HTTP/2 201 Created"
2025-02-16 21:50:30,778 - INFO - HTTP Request: PATCH https://wdibahzeizsqpwrhcsnv.supabase.co/rest/v1/questions?id=eq.866 "HTTP/2 200 OK"
2025-02-16 21:50:30,964 - INFO - HTTP Request: POST https://wdibahzeizsqpwrhcsnv.supabase.co/rest/v1/questions?columns=%22correct_option_id%22%2C%22exam_id%22%2C%22content%22 "HTTP/2 201 Created"
2025-02-16 21:50:31,159 - INFO - HTTP Request: POST https://wdibahzeizsqpwrhcsnv.supabase.co/rest/v1/question_analysis?columns=%22question_id%22%2C%22exam_id%22%2C%22difficulty_index%22%2C%22rpbis%22%2C%22discrimination_index%22 "HTTP/2 201 Created"
2025-02-16 21:50:31,285 - INFO - HTTP Request: POST https://wdibahzeizsqpwrhcsnv.supabase.co/rest/v1/options?columns=%22question_id%22%2C%22content%22 "HTTP/2 201 Created"
2025-02-16 21:50:31,423 - INFO - HTTP Request: POST https://wdibahzeizsqpwrhcsnv.supabase.co/rest/v1/option_analysis?columns=%22exam_id%22%2C%22selection_rate%22%2C%22rpbis%22%2C%22discrimination_index%22%2C%22option_id%22 "HTTP/2 201 Created"
2025-02-16 21:50:31,546 - INFO - HTTP Request: POST https://wdibahzeizsqpwrhcsnv.supabase.co/rest/v1/options?columns=%22question_id%22%2C%22content%22 "HTTP/2 201 Created"
2025-02-16 21:50:31,701 - INFO - HTTP Request: POST https://wdibahzeizsqpwrhcsnv.supabase.co/rest/v1/option_analysis?columns=%22exam_id%22%2C%22selection_rate%22%2C%22rpbis%22%2C%22discrimination_index%22%2C%22option_id%22 "HTTP/2 201 Created"
2025-02-16 21:50:31,821 - INFO - HTTP Request: POST https://wdibahzeizsqpwrhcsnv.supabase.co/rest/v1/options?columns=%22question_id%22%2C%22content%22 "HTTP/2 201 Created"
2025-02-16 21:50:31,938 - INFO - HTTP Request: POST https://wdibahzeizsqpwrhcsnv.supabase.co/rest/v1/option_analysis?columns=%22exam_id%22%2C%22selection_rate%22%2C%22rpbis%22%2C%22discrimination_index%22%2C%22option_id%22 "HTTP/2 201 Created"
2025-02-16 21:50:32,076 - INFO - HTTP Request: POST https://wdibahzeizsqpwrhcsnv.supabase.co/rest/v1/options?columns=%22question_id%22%2C%22content%22 "HTTP/2 201 Created"
2025-02-16 21:50:32,259 - INFO - HTTP Request: POST https://wdibahzeizsqpwrhcsnv.supabase.co/rest/v1/option_analysis?columns=%22exam_id%22%2C%22selection_rate%22%2C%22rpbis%22%2C%22discrimination_index%22%2C%22option_id%22 "HTTP/2 201 Created"
2025-02-16 21:50:32,395 - INFO - HTTP Request: PATCH https://wdibahzeizsqpwrhcsnv.supabase.co/rest/v1/questions?id=eq.867 "HTTP/2 200 OK"
2025-02-16 21:50:32,540 - INFO - HTTP Request: POST https://wdibahzeizsqpwrhcsnv.supabase.co/rest/v1/questions?columns=%22correct_option_id%22%2C%22exam_id%22%2C%22content%22 "HTTP/2 201 Created"
2025-02-16 21:50:32,679 - INFO - HTTP Request: POST https://wdibahzeizsqpwrhcsnv.supabase.co/rest/v1/question_analysis?columns=%22question_id%22%2C%22exam_id%22%2C%22difficulty_index%22%2C%22rpbis%22%2C%22discrimination_index%22 "HTTP/2 201 Created"
2025-02-16 21:50:32,815 - INFO - HTTP Request: POST https://wdibahzeizsqpwrhcsnv.supabase.co/rest/v1/options?columns=%22question_id%22%2C%22content%22 "HTTP/2 201 Created"
2025-02-16 21:50:33,016 - INFO - HTTP Request: POST https://wdibahzeizsqpwrhcsnv.supabase.co/rest/v1/option_analysis?columns=%22exam_id%22%2C%22selection_rate%22%2C%22rpbis%22%2C%22discrimination_index%22%2C%22option_id%22 "HTTP/2 201 Created"
2025-02-16 21:50:33,144 - INFO - HTTP Request: POST https://wdibahzeizsqpwrhcsnv.supabase.co/rest/v1/options?columns=%22question_id%22%2C%22content%22 "HTTP/2 201 Created"
2025-02-16 21:50:33,284 - INFO - HTTP Request: POST https://wdibahzeizsqpwrhcsnv.supabase.co/rest/v1/option_analysis?columns=%22exam_id%22%2C%22selection_rate%22%2C%22rpbis%22%2C%22discrimination_index%22%2C%22option_id%22 "HTTP/2 201 Created"
2025-02-16 21:50:33,449 - INFO - HTTP Request: POST https://wdibahzeizsqpwrhcsnv.supabase.co/rest/v1/options?columns=%22question_id%22%2C%22content%22 "HTTP/2 201 Created"
2025-02-16 21:50:33,646 - INFO - HTTP Request: POST https://wdibahzeizsqpwrhcsnv.supabase.co/rest/v1/option_analysis?columns=%22exam_id%22%2C%22selection_rate%22%2C%22rpbis%22%2C%22discrimination_index%22%2C%22option_id%22 "HTTP/2 201 Created"
2025-02-16 21:50:33,765 - INFO - HTTP Request: POST https://wdibahzeizsqpwrhcsnv.supabase.co/rest/v1/options?columns=%22question_id%22%2C%22content%22 "HTTP/2 201 Created"
2025-02-16 21:50:33,915 - INFO - HTTP Request: POST https://wdibahzeizsqpwrhcsnv.supabase.co/rest/v1/option_analysis?columns=%22exam_id%22%2C%22selection_rate%22%2C%22rpbis%22%2C%22discrimination_index%22%2C%22option_id%22 "HTTP/2 201 Created"
2025-02-16 21:50:34,153 - INFO - HTTP Request: PATCH https://wdibahzeizsqpwrhcsnv.supabase.co/rest/v1/questions?id=eq.868 "HTTP/2 200 OK"
2025-02-16 21:50:34,280 - INFO - HTTP Request: POST https://wdibahzeizsqpwrhcsnv.supabase.co/rest/v1/questions?columns=%22correct_option_id%22%2C%22exam_id%22%2C%22content%22 "HTTP/2 201 Created"
2025-02-16 21:50:34,412 - INFO - HTTP Request: POST https://wdibahzeizsqpwrhcsnv.supabase.co/rest/v1/question_analysis?columns=%22question_id%22%2C%22exam_id%22%2C%22difficulty_index%22%2C%22rpbis%22%2C%22discrimination_index%22 "HTTP/2 201 Created"
2025-02-16 21:50:34,530 - INFO - HTTP Request: POST https://wdibahzeizsqpwrhcsnv.supabase.co/rest/v1/options?columns=%22question_id%22%2C%22content%22 "HTTP/2 201 Created"
2025-02-16 21:50:34,717 - INFO - HTTP Request: POST https://wdibahzeizsqpwrhcsnv.supabase.co/rest/v1/option_analysis?columns=%22exam_id%22%2C%22selection_rate%22%2C%22rpbis%22%2C%22discrimination_index%22%2C%22option_id%22 "HTTP/2 201 Created"
2025-02-16 21:50:34,830 - INFO - HTTP Request: POST https://wdibahzeizsqpwrhcsnv.supabase.co/rest/v1/options?columns=%22question_id%22%2C%22content%22 "HTTP/2 201 Created"
2025-02-16 21:50:34,957 - INFO - HTTP Request: POST https://wdibahzeizsqpwrhcsnv.supabase.co/rest/v1/option_analysis?columns=%22exam_id%22%2C%22selection_rate%22%2C%22rpbis%22%2C%22discrimination_index%22%2C%22option_id%22 "HTTP/2 201 Created"
2025-02-16 21:50:35,099 - INFO - HTTP Request: POST https://wdibahzeizsqpwrhcsnv.supabase.co/rest/v1/options?columns=%22question_id%22%2C%22content%22 "HTTP/2 201 Created"
2025-02-16 21:50:35,236 - INFO - HTTP Request: POST https://wdibahzeizsqpwrhcsnv.supabase.co/rest/v1/option_analysis?columns=%22exam_id%22%2C%22selection_rate%22%2C%22rpbis%22%2C%22discrimination_index%22%2C%22option_id%22 "HTTP/2 201 Created"
2025-02-16 21:50:35,359 - INFO - HTTP Request: POST https://wdibahzeizsqpwrhcsnv.supabase.co/rest/v1/options?columns=%22question_id%22%2C%22content%22 "HTTP/2 201 Created"
2025-02-16 21:50:35,490 - INFO - HTTP Request: POST https://wdibahzeizsqpwrhcsnv.supabase.co/rest/v1/option_analysis?columns=%22exam_id%22%2C%22selection_rate%22%2C%22rpbis%22%2C%22discrimination_index%22%2C%22option_id%22 "HTTP/2 201 Created"
2025-02-16 21:50:35,610 - INFO - HTTP Request: PATCH https://wdibahzeizsqpwrhcsnv.supabase.co/rest/v1/questions?id=eq.869 "HTTP/2 200 OK"
2025-02-16 21:50:35,748 - INFO - HTTP Request: POST https://wdibahzeizsqpwrhcsnv.supabase.co/rest/v1/questions?columns=%22correct_option_id%22%2C%22exam_id%22%2C%22content%22 "HTTP/2 201 Created"
2025-02-16 21:50:35,871 - INFO - HTTP Request: POST https://wdibahzeizsqpwrhcsnv.supabase.co/rest/v1/question_analysis?columns=%22question_id%22%2C%22exam_id%22%2C%22difficulty_index%22%2C%22rpbis%22%2C%22discrimination_index%22 "HTTP/2 201 Created"
2025-02-16 21:50:36,016 - INFO - HTTP Request: POST https://wdibahzeizsqpwrhcsnv.supabase.co/rest/v1/options?columns=%22question_id%22%2C%22content%22 "HTTP/2 201 Created"
2025-02-16 21:50:36,148 - INFO - HTTP Request: POST https://wdibahzeizsqpwrhcsnv.supabase.co/rest/v1/option_analysis?columns=%22exam_id%22%2C%22selection_rate%22%2C%22rpbis%22%2C%22discrimination_index%22%2C%22option_id%22 "HTTP/2 201 Created"
2025-02-16 21:50:36,287 - INFO - HTTP Request: POST https://wdibahzeizsqpwrhcsnv.supabase.co/rest/v1/options?columns=%22question_id%22%2C%22content%22 "HTTP/2 201 Created"
2025-02-16 21:50:36,423 - INFO - HTTP Request: POST https://wdibahzeizsqpwrhcsnv.supabase.co/rest/v1/option_analysis?columns=%22exam_id%22%2C%22selection_rate%22%2C%22rpbis%22%2C%22discrimination_index%22%2C%22option_id%22 "HTTP/2 201 Created"
2025-02-16 21:50:36,553 - INFO - HTTP Request: POST https://wdibahzeizsqpwrhcsnv.supabase.co/rest/v1/options?columns=%22question_id%22%2C%22content%22 "HTTP/2 201 Created"
2025-02-16 21:50:36,710 - INFO - HTTP Request: POST https://wdibahzeizsqpwrhcsnv.supabase.co/rest/v1/option_analysis?columns=%22exam_id%22%2C%22selection_rate%22%2C%22rpbis%22%2C%22discrimination_index%22%2C%22option_id%22 "HTTP/2 201 Created"
2025-02-16 21:50:36,844 - INFO - HTTP Request: POST https://wdibahzeizsqpwrhcsnv.supabase.co/rest/v1/options?columns=%22question_id%22%2C%22content%22 "HTTP/2 201 Created"
2025-02-16 21:50:36,980 - INFO - HTTP Request: POST https://wdibahzeizsqpwrhcsnv.supabase.co/rest/v1/option_analysis?columns=%22exam_id%22%2C%22selection_rate%22%2C%22rpbis%22%2C%22discrimination_index%22%2C%22option_id%22 "HTTP/2 201 Created"
2025-02-16 21:50:37,107 - INFO - HTTP Request: PATCH https://wdibahzeizsqpwrhcsnv.supabase.co/rest/v1/questions?id=eq.870 "HTTP/2 200 OK"
2025-02-16 21:50:37,247 - INFO - HTTP Request: POST https://wdibahzeizsqpwrhcsnv.supabase.co/rest/v1/questions?columns=%22correct_option_id%22%2C%22exam_id%22%2C%22content%22 "HTTP/2 201 Created"
2025-02-16 21:50:37,387 - INFO - HTTP Request: POST https://wdibahzeizsqpwrhcsnv.supabase.co/rest/v1/question_analysis?columns=%22question_id%22%2C%22exam_id%22%2C%22difficulty_index%22%2C%22rpbis%22%2C%22discrimination_index%22 "HTTP/2 201 Created"
2025-02-16 21:50:37,513 - INFO - HTTP Request: POST https://wdibahzeizsqpwrhcsnv.supabase.co/rest/v1/options?columns=%22question_id%22%2C%22content%22 "HTTP/2 201 Created"
2025-02-16 21:50:37,659 - INFO - HTTP Request: POST https://wdibahzeizsqpwrhcsnv.supabase.co/rest/v1/option_analysis?columns=%22exam_id%22%2C%22selection_rate%22%2C%22rpbis%22%2C%22discrimination_index%22%2C%22option_id%22 "HTTP/2 201 Created"
2025-02-16 21:50:37,800 - INFO - HTTP Request: POST https://wdibahzeizsqpwrhcsnv.supabase.co/rest/v1/options?columns=%22question_id%22%2C%22content%22 "HTTP/2 201 Created"
2025-02-16 21:50:37,933 - INFO - HTTP Request: POST https://wdibahzeizsqpwrhcsnv.supabase.co/rest/v1/option_analysis?columns=%22exam_id%22%2C%22selection_rate%22%2C%22rpbis%22%2C%22discrimination_index%22%2C%22option_id%22 "HTTP/2 201 Created"
2025-02-16 21:50:38,074 - INFO - HTTP Request: POST https://wdibahzeizsqpwrhcsnv.supabase.co/rest/v1/options?columns=%22question_id%22%2C%22content%22 "HTTP/2 201 Created"
2025-02-16 21:50:38,205 - INFO - HTTP Request: POST https://wdibahzeizsqpwrhcsnv.supabase.co/rest/v1/option_analysis?columns=%22exam_id%22%2C%22selection_rate%22%2C%22rpbis%22%2C%22discrimination_index%22%2C%22option_id%22 "HTTP/2 201 Created"
2025-02-16 21:50:38,333 - INFO - HTTP Request: POST https://wdibahzeizsqpwrhcsnv.supabase.co/rest/v1/options?columns=%22question_id%22%2C%22content%22 "HTTP/2 201 Created"
2025-02-16 21:50:38,457 - INFO - HTTP Request: POST https://wdibahzeizsqpwrhcsnv.supabase.co/rest/v1/option_analysis?columns=%22exam_id%22%2C%22selection_rate%22%2C%22rpbis%22%2C%22discrimination_index%22%2C%22option_id%22 "HTTP/2 201 Created"
2025-02-16 21:50:38,631 - INFO - HTTP Request: PATCH https://wdibahzeizsqpwrhcsnv.supabase.co/rest/v1/questions?id=eq.871 "HTTP/2 200 OK"
2025-02-16 21:50:38,754 - INFO - HTTP Request: POST https://wdibahzeizsqpwrhcsnv.supabase.co/rest/v1/questions?columns=%22correct_option_id%22%2C%22exam_id%22%2C%22content%22 "HTTP/2 201 Created"
2025-02-16 21:50:38,880 - INFO - HTTP Request: POST https://wdibahzeizsqpwrhcsnv.supabase.co/rest/v1/question_analysis?columns=%22question_id%22%2C%22exam_id%22%2C%22difficulty_index%22%2C%22rpbis%22%2C%22discrimination_index%22 "HTTP/2 201 Created"
2025-02-16 21:50:39,029 - INFO - HTTP Request: POST https://wdibahzeizsqpwrhcsnv.supabase.co/rest/v1/options?columns=%22question_id%22%2C%22content%22 "HTTP/2 201 Created"
2025-02-16 21:50:39,148 - INFO - HTTP Request: POST https://wdibahzeizsqpwrhcsnv.supabase.co/rest/v1/option_analysis?columns=%22exam_id%22%2C%22selection_rate%22%2C%22rpbis%22%2C%22discrimination_index%22%2C%22option_id%22 "HTTP/2 201 Created"
2025-02-16 21:50:39,308 - INFO - HTTP Request: POST https://wdibahzeizsqpwrhcsnv.supabase.co/rest/v1/options?columns=%22question_id%22%2C%22content%22 "HTTP/2 201 Created"
2025-02-16 21:50:39,440 - INFO - HTTP Request: POST https://wdibahzeizsqpwrhcsnv.supabase.co/rest/v1/option_analysis?columns=%22exam_id%22%2C%22selection_rate%22%2C%22rpbis%22%2C%22discrimination_index%22%2C%22option_id%22 "HTTP/2 201 Created"
2025-02-16 21:50:39,646 - INFO - HTTP Request: POST https://wdibahzeizsqpwrhcsnv.supabase.co/rest/v1/options?columns=%22question_id%22%2C%22content%22 "HTTP/2 201 Created"
2025-02-16 21:50:39,776 - INFO - HTTP Request: POST https://wdibahzeizsqpwrhcsnv.supabase.co/rest/v1/option_analysis?columns=%22exam_id%22%2C%22selection_rate%22%2C%22rpbis%22%2C%22discrimination_index%22%2C%22option_id%22 "HTTP/2 201 Created"
2025-02-16 21:50:39,941 - INFO - HTTP Request: POST https://wdibahzeizsqpwrhcsnv.supabase.co/rest/v1/options?columns=%22question_id%22%2C%22content%22 "HTTP/2 201 Created"
2025-02-16 21:50:40,083 - INFO - HTTP Request: POST https://wdibahzeizsqpwrhcsnv.supabase.co/rest/v1/option_analysis?columns=%22exam_id%22%2C%22selection_rate%22%2C%22rpbis%22%2C%22discrimination_index%22%2C%22option_id%22 "HTTP/2 201 Created"
2025-02-16 21:50:40,207 - INFO - HTTP Request: PATCH https://wdibahzeizsqpwrhcsnv.supabase.co/rest/v1/questions?id=eq.872 "HTTP/2 200 OK"
2025-02-16 21:50:40,330 - INFO - HTTP Request: POST https://wdibahzeizsqpwrhcsnv.supabase.co/rest/v1/questions?columns=%22correct_option_id%22%2C%22exam_id%22%2C%22content%22 "HTTP/2 201 Created"
2025-02-16 21:50:40,469 - INFO - HTTP Request: POST https://wdibahzeizsqpwrhcsnv.supabase.co/rest/v1/question_analysis?columns=%22question_id%22%2C%22exam_id%22%2C%22difficulty_index%22%2C%22rpbis%22%2C%22discrimination_index%22 "HTTP/2 201 Created"
2025-02-16 21:50:40,598 - INFO - HTTP Request: POST https://wdibahzeizsqpwrhcsnv.supabase.co/rest/v1/options?columns=%22question_id%22%2C%22content%22 "HTTP/2 201 Created"
2025-02-16 21:50:40,757 - INFO - HTTP Request: POST https://wdibahzeizsqpwrhcsnv.supabase.co/rest/v1/option_analysis?columns=%22exam_id%22%2C%22selection_rate%22%2C%22rpbis%22%2C%22discrimination_index%22%2C%22option_id%22 "HTTP/2 201 Created"
2025-02-16 21:50:40,876 - INFO - HTTP Request: POST https://wdibahzeizsqpwrhcsnv.supabase.co/rest/v1/options?columns=%22question_id%22%2C%22content%22 "HTTP/2 201 Created"
2025-02-16 21:50:41,026 - INFO - HTTP Request: POST https://wdibahzeizsqpwrhcsnv.supabase.co/rest/v1/option_analysis?columns=%22exam_id%22%2C%22selection_rate%22%2C%22rpbis%22%2C%22discrimination_index%22%2C%22option_id%22 "HTTP/2 201 Created"
2025-02-16 21:50:41,251 - INFO - HTTP Request: POST https://wdibahzeizsqpwrhcsnv.supabase.co/rest/v1/options?columns=%22question_id%22%2C%22content%22 "HTTP/2 201 Created"
2025-02-16 21:50:41,383 - INFO - HTTP Request: POST https://wdibahzeizsqpwrhcsnv.supabase.co/rest/v1/option_analysis?columns=%22exam_id%22%2C%22selection_rate%22%2C%22rpbis%22%2C%22discrimination_index%22%2C%22option_id%22 "HTTP/2 201 Created"
2025-02-16 21:50:41,493 - INFO - HTTP Request: POST https://wdibahzeizsqpwrhcsnv.supabase.co/rest/v1/options?columns=%22question_id%22%2C%22content%22 "HTTP/2 201 Created"
2025-02-16 21:50:41,619 - INFO - HTTP Request: POST https://wdibahzeizsqpwrhcsnv.supabase.co/rest/v1/option_analysis?columns=%22exam_id%22%2C%22selection_rate%22%2C%22rpbis%22%2C%22discrimination_index%22%2C%22option_id%22 "HTTP/2 201 Created"
2025-02-16 21:50:41,767 - INFO - HTTP Request: PATCH https://wdibahzeizsqpwrhcsnv.supabase.co/rest/v1/questions?id=eq.873 "HTTP/2 200 OK"
2025-02-16 21:50:41,941 - INFO - HTTP Request: POST https://wdibahzeizsqpwrhcsnv.supabase.co/rest/v1/questions?columns=%22correct_option_id%22%2C%22exam_id%22%2C%22content%22 "HTTP/2 201 Created"
2025-02-16 21:50:42,095 - INFO - HTTP Request: POST https://wdibahzeizsqpwrhcsnv.supabase.co/rest/v1/question_analysis?columns=%22question_id%22%2C%22exam_id%22%2C%22difficulty_index%22%2C%22rpbis%22%2C%22discrimination_index%22 "HTTP/2 201 Created"
2025-02-16 21:50:42,228 - INFO - HTTP Request: POST https://wdibahzeizsqpwrhcsnv.supabase.co/rest/v1/options?columns=%22question_id%22%2C%22content%22 "HTTP/2 201 Created"
2025-02-16 21:50:42,358 - INFO - HTTP Request: POST https://wdibahzeizsqpwrhcsnv.supabase.co/rest/v1/option_analysis?columns=%22exam_id%22%2C%22selection_rate%22%2C%22rpbis%22%2C%22discrimination_index%22%2C%22option_id%22 "HTTP/2 201 Created"
2025-02-16 21:50:42,520 - INFO - HTTP Request: POST https://wdibahzeizsqpwrhcsnv.supabase.co/rest/v1/options?columns=%22question_id%22%2C%22content%22 "HTTP/2 201 Created"
2025-02-16 21:50:42,645 - INFO - HTTP Request: POST https://wdibahzeizsqpwrhcsnv.supabase.co/rest/v1/option_analysis?columns=%22exam_id%22%2C%22selection_rate%22%2C%22rpbis%22%2C%22discrimination_index%22%2C%22option_id%22 "HTTP/2 201 Created"
2025-02-16 21:50:42,775 - INFO - HTTP Request: POST https://wdibahzeizsqpwrhcsnv.supabase.co/rest/v1/options?columns=%22question_id%22%2C%22content%22 "HTTP/2 201 Created"
2025-02-16 21:50:42,907 - INFO - HTTP Request: POST https://wdibahzeizsqpwrhcsnv.supabase.co/rest/v1/option_analysis?columns=%22exam_id%22%2C%22selection_rate%22%2C%22rpbis%22%2C%22discrimination_index%22%2C%22option_id%22 "HTTP/2 201 Created"
2025-02-16 21:50:43,033 - INFO - HTTP Request: POST https://wdibahzeizsqpwrhcsnv.supabase.co/rest/v1/options?columns=%22question_id%22%2C%22content%22 "HTTP/2 201 Created"
2025-02-16 21:50:43,157 - INFO - HTTP Request: POST https://wdibahzeizsqpwrhcsnv.supabase.co/rest/v1/option_analysis?columns=%22exam_id%22%2C%22selection_rate%22%2C%22rpbis%22%2C%22discrimination_index%22%2C%22option_id%22 "HTTP/2 201 Created"
2025-02-16 21:50:43,356 - INFO - HTTP Request: PATCH https://wdibahzeizsqpwrhcsnv.supabase.co/rest/v1/questions?id=eq.874 "HTTP/2 200 OK"
2025-02-16 21:50:43,509 - INFO - HTTP Request: POST https://wdibahzeizsqpwrhcsnv.supabase.co/rest/v1/questions?columns=%22correct_option_id%22%2C%22exam_id%22%2C%22content%22 "HTTP/2 201 Created"
2025-02-16 21:50:43,634 - INFO - HTTP Request: POST https://wdibahzeizsqpwrhcsnv.supabase.co/rest/v1/question_analysis?columns=%22question_id%22%2C%22exam_id%22%2C%22difficulty_index%22%2C%22rpbis%22%2C%22discrimination_index%22 "HTTP/2 201 Created"
2025-02-16 21:50:43,787 - INFO - HTTP Request: POST https://wdibahzeizsqpwrhcsnv.supabase.co/rest/v1/options?columns=%22question_id%22%2C%22content%22 "HTTP/2 201 Created"
2025-02-16 21:50:43,909 - INFO - HTTP Request: POST https://wdibahzeizsqpwrhcsnv.supabase.co/rest/v1/option_analysis?columns=%22exam_id%22%2C%22selection_rate%22%2C%22rpbis%22%2C%22discrimination_index%22%2C%22option_id%22 "HTTP/2 201 Created"
2025-02-16 21:50:44,043 - INFO - HTTP Request: POST https://wdibahzeizsqpwrhcsnv.supabase.co/rest/v1/options?columns=%22question_id%22%2C%22content%22 "HTTP/2 201 Created"
2025-02-16 21:50:44,181 - INFO - HTTP Request: POST https://wdibahzeizsqpwrhcsnv.supabase.co/rest/v1/option_analysis?columns=%22exam_id%22%2C%22selection_rate%22%2C%22rpbis%22%2C%22discrimination_index%22%2C%22option_id%22 "HTTP/2 201 Created"
2025-02-16 21:50:44,321 - INFO - HTTP Request: POST https://wdibahzeizsqpwrhcsnv.supabase.co/rest/v1/options?columns=%22question_id%22%2C%22content%22 "HTTP/2 201 Created"
2025-02-16 21:50:44,473 - INFO - HTTP Request: POST https://wdibahzeizsqpwrhcsnv.supabase.co/rest/v1/option_analysis?columns=%22exam_id%22%2C%22selection_rate%22%2C%22rpbis%22%2C%22discrimination_index%22%2C%22option_id%22 "HTTP/2 201 Created"
2025-02-16 21:50:44,618 - INFO - HTTP Request: POST https://wdibahzeizsqpwrhcsnv.supabase.co/rest/v1/options?columns=%22question_id%22%2C%22content%22 "HTTP/2 201 Created"
2025-02-16 21:50:44,743 - INFO - HTTP Request: POST https://wdibahzeizsqpwrhcsnv.supabase.co/rest/v1/option_analysis?columns=%22exam_id%22%2C%22selection_rate%22%2C%22rpbis%22%2C%22discrimination_index%22%2C%22option_id%22 "HTTP/2 201 Created"
2025-02-16 21:50:44,879 - INFO - HTTP Request: PATCH https://wdibahzeizsqpwrhcsnv.supabase.co/rest/v1/questions?id=eq.875 "HTTP/2 200 OK"
2025-02-16 21:50:45,009 - INFO - HTTP Request: POST https://wdibahzeizsqpwrhcsnv.supabase.co/rest/v1/questions?columns=%22correct_option_id%22%2C%22exam_id%22%2C%22content%22 "HTTP/2 201 Created"
2025-02-16 21:50:45,142 - INFO - HTTP Request: POST https://wdibahzeizsqpwrhcsnv.supabase.co/rest/v1/question_analysis?columns=%22question_id%22%2C%22exam_id%22%2C%22difficulty_index%22%2C%22rpbis%22%2C%22discrimination_index%22 "HTTP/2 201 Created"
2025-02-16 21:50:45,277 - INFO - HTTP Request: POST https://wdibahzeizsqpwrhcsnv.supabase.co/rest/v1/options?columns=%22question_id%22%2C%22content%22 "HTTP/2 201 Created"
2025-02-16 21:50:45,400 - INFO - HTTP Request: POST https://wdibahzeizsqpwrhcsnv.supabase.co/rest/v1/option_analysis?columns=%22exam_id%22%2C%22selection_rate%22%2C%22rpbis%22%2C%22discrimination_index%22%2C%22option_id%22 "HTTP/2 201 Created"
2025-02-16 21:50:45,529 - INFO - HTTP Request: POST https://wdibahzeizsqpwrhcsnv.supabase.co/rest/v1/options?columns=%22question_id%22%2C%22content%22 "HTTP/2 201 Created"
2025-02-16 21:50:45,668 - INFO - HTTP Request: POST https://wdibahzeizsqpwrhcsnv.supabase.co/rest/v1/option_analysis?columns=%22exam_id%22%2C%22selection_rate%22%2C%22rpbis%22%2C%22discrimination_index%22%2C%22option_id%22 "HTTP/2 201 Created"
2025-02-16 21:50:45,812 - INFO - HTTP Request: POST https://wdibahzeizsqpwrhcsnv.supabase.co/rest/v1/options?columns=%22question_id%22%2C%22content%22 "HTTP/2 201 Created"
2025-02-16 21:50:45,964 - INFO - HTTP Request: POST https://wdibahzeizsqpwrhcsnv.supabase.co/rest/v1/option_analysis?columns=%22exam_id%22%2C%22selection_rate%22%2C%22rpbis%22%2C%22discrimination_index%22%2C%22option_id%22 "HTTP/2 201 Created"
2025-02-16 21:50:46,097 - INFO - HTTP Request: POST https://wdibahzeizsqpwrhcsnv.supabase.co/rest/v1/options?columns=%22question_id%22%2C%22content%22 "HTTP/2 201 Created"
2025-02-16 21:50:46,237 - INFO - HTTP Request: POST https://wdibahzeizsqpwrhcsnv.supabase.co/rest/v1/option_analysis?columns=%22exam_id%22%2C%22selection_rate%22%2C%22rpbis%22%2C%22discrimination_index%22%2C%22option_id%22 "HTTP/2 201 Created"
2025-02-16 21:50:46,382 - INFO - HTTP Request: PATCH https://wdibahzeizsqpwrhcsnv.supabase.co/rest/v1/questions?id=eq.876 "HTTP/2 200 OK"
2025-02-16 21:50:46,551 - INFO - HTTP Request: POST https://wdibahzeizsqpwrhcsnv.supabase.co/rest/v1/questions?columns=%22correct_option_id%22%2C%22exam_id%22%2C%22content%22 "HTTP/2 201 Created"
2025-02-16 21:50:46,698 - INFO - HTTP Request: POST https://wdibahzeizsqpwrhcsnv.supabase.co/rest/v1/question_analysis?columns=%22question_id%22%2C%22exam_id%22%2C%22difficulty_index%22%2C%22rpbis%22%2C%22discrimination_index%22 "HTTP/2 201 Created"
2025-02-16 21:50:46,824 - INFO - HTTP Request: POST https://wdibahzeizsqpwrhcsnv.supabase.co/rest/v1/options?columns=%22question_id%22%2C%22content%22 "HTTP/2 201 Created"
2025-02-16 21:50:47,162 - INFO - HTTP Request: POST https://wdibahzeizsqpwrhcsnv.supabase.co/rest/v1/option_analysis?columns=%22exam_id%22%2C%22selection_rate%22%2C%22rpbis%22%2C%22discrimination_index%22%2C%22option_id%22 "HTTP/2 201 Created"
2025-02-16 21:50:47,478 - INFO - HTTP Request: POST https://wdibahzeizsqpwrhcsnv.supabase.co/rest/v1/options?columns=%22question_id%22%2C%22content%22 "HTTP/2 201 Created"
2025-02-16 21:50:47,789 - INFO - HTTP Request: POST https://wdibahzeizsqpwrhcsnv.supabase.co/rest/v1/option_analysis?columns=%22exam_id%22%2C%22selection_rate%22%2C%22rpbis%22%2C%22discrimination_index%22%2C%22option_id%22 "HTTP/2 201 Created"
2025-02-16 21:50:48,014 - INFO - HTTP Request: POST https://wdibahzeizsqpwrhcsnv.supabase.co/rest/v1/options?columns=%22question_id%22%2C%22content%22 "HTTP/2 201 Created"
2025-02-16 21:50:48,331 - INFO - HTTP Request: POST https://wdibahzeizsqpwrhcsnv.supabase.co/rest/v1/option_analysis?columns=%22exam_id%22%2C%22selection_rate%22%2C%22rpbis%22%2C%22discrimination_index%22%2C%22option_id%22 "HTTP/2 201 Created"
2025-02-16 21:50:48,477 - INFO - HTTP Request: POST https://wdibahzeizsqpwrhcsnv.supabase.co/rest/v1/options?columns=%22question_id%22%2C%22content%22 "HTTP/2 201 Created"
2025-02-16 21:50:48,632 - INFO - HTTP Request: POST https://wdibahzeizsqpwrhcsnv.supabase.co/rest/v1/option_analysis?columns=%22exam_id%22%2C%22selection_rate%22%2C%22rpbis%22%2C%22discrimination_index%22%2C%22option_id%22 "HTTP/2 201 Created"
2025-02-16 21:50:48,796 - INFO - HTTP Request: PATCH https://wdibahzeizsqpwrhcsnv.supabase.co/rest/v1/questions?id=eq.877 "HTTP/2 200 OK"
2025-02-16 21:50:48,927 - INFO - HTTP Request: POST https://wdibahzeizsqpwrhcsnv.supabase.co/rest/v1/questions?columns=%22correct_option_id%22%2C%22exam_id%22%2C%22content%22 "HTTP/2 201 Created"
2025-02-16 21:50:49,055 - INFO - HTTP Request: POST https://wdibahzeizsqpwrhcsnv.supabase.co/rest/v1/question_analysis?columns=%22question_id%22%2C%22exam_id%22%2C%22difficulty_index%22%2C%22rpbis%22%2C%22discrimination_index%22 "HTTP/2 201 Created"
2025-02-16 21:50:49,190 - INFO - HTTP Request: POST https://wdibahzeizsqpwrhcsnv.supabase.co/rest/v1/options?columns=%22question_id%22%2C%22content%22 "HTTP/2 201 Created"
2025-02-16 21:50:49,349 - INFO - HTTP Request: POST https://wdibahzeizsqpwrhcsnv.supabase.co/rest/v1/option_analysis?columns=%22exam_id%22%2C%22selection_rate%22%2C%22rpbis%22%2C%22discrimination_index%22%2C%22option_id%22 "HTTP/2 201 Created"
2025-02-16 21:50:49,534 - INFO - HTTP Request: POST https://wdibahzeizsqpwrhcsnv.supabase.co/rest/v1/options?columns=%22question_id%22%2C%22content%22 "HTTP/2 201 Created"
2025-02-16 21:50:49,827 - INFO - HTTP Request: POST https://wdibahzeizsqpwrhcsnv.supabase.co/rest/v1/option_analysis?columns=%22exam_id%22%2C%22selection_rate%22%2C%22rpbis%22%2C%22discrimination_index%22%2C%22option_id%22 "HTTP/2 201 Created"
2025-02-16 21:50:50,031 - INFO - HTTP Request: POST https://wdibahzeizsqpwrhcsnv.supabase.co/rest/v1/options?columns=%22question_id%22%2C%22content%22 "HTTP/2 201 Created"
2025-02-16 21:50:50,350 - INFO - HTTP Request: POST https://wdibahzeizsqpwrhcsnv.supabase.co/rest/v1/option_analysis?columns=%22exam_id%22%2C%22selection_rate%22%2C%22rpbis%22%2C%22discrimination_index%22%2C%22option_id%22 "HTTP/2 201 Created"
2025-02-16 21:50:50,667 - INFO - HTTP Request: POST https://wdibahzeizsqpwrhcsnv.supabase.co/rest/v1/options?columns=%22question_id%22%2C%22content%22 "HTTP/2 201 Created"
2025-02-16 21:50:51,030 - INFO - HTTP Request: POST https://wdibahzeizsqpwrhcsnv.supabase.co/rest/v1/option_analysis?columns=%22exam_id%22%2C%22selection_rate%22%2C%22rpbis%22%2C%22discrimination_index%22%2C%22option_id%22 "HTTP/2 201 Created"
2025-02-16 21:50:51,415 - INFO - HTTP Request: PATCH https://wdibahzeizsqpwrhcsnv.supabase.co/rest/v1/questions?id=eq.878 "HTTP/2 200 OK"
2025-02-16 21:50:51,549 - INFO - HTTP Request: POST https://wdibahzeizsqpwrhcsnv.supabase.co/rest/v1/questions?columns=%22correct_option_id%22%2C%22exam_id%22%2C%22content%22 "HTTP/2 201 Created"
2025-02-16 21:50:51,696 - INFO - HTTP Request: POST https://wdibahzeizsqpwrhcsnv.supabase.co/rest/v1/question_analysis?columns=%22question_id%22%2C%22exam_id%22%2C%22difficulty_index%22%2C%22rpbis%22%2C%22discrimination_index%22 "HTTP/2 201 Created"
2025-02-16 21:50:51,845 - INFO - HTTP Request: POST https://wdibahzeizsqpwrhcsnv.supabase.co/rest/v1/options?columns=%22question_id%22%2C%22content%22 "HTTP/2 201 Created"
2025-02-16 21:50:51,998 - INFO - HTTP Request: POST https://wdibahzeizsqpwrhcsnv.supabase.co/rest/v1/option_analysis?columns=%22exam_id%22%2C%22selection_rate%22%2C%22rpbis%22%2C%22discrimination_index%22%2C%22option_id%22 "HTTP/2 201 Created"
2025-02-16 21:50:52,126 - INFO - HTTP Request: POST https://wdibahzeizsqpwrhcsnv.supabase.co/rest/v1/options?columns=%22question_id%22%2C%22content%22 "HTTP/2 201 Created"
2025-02-16 21:50:52,269 - INFO - HTTP Request: POST https://wdibahzeizsqpwrhcsnv.supabase.co/rest/v1/option_analysis?columns=%22exam_id%22%2C%22selection_rate%22%2C%22rpbis%22%2C%22discrimination_index%22%2C%22option_id%22 "HTTP/2 201 Created"
2025-02-16 21:50:52,431 - INFO - HTTP Request: POST https://wdibahzeizsqpwrhcsnv.supabase.co/rest/v1/options?columns=%22question_id%22%2C%22content%22 "HTTP/2 201 Created"
2025-02-16 21:50:52,558 - INFO - HTTP Request: POST https://wdibahzeizsqpwrhcsnv.supabase.co/rest/v1/option_analysis?columns=%22exam_id%22%2C%22selection_rate%22%2C%22rpbis%22%2C%22discrimination_index%22%2C%22option_id%22 "HTTP/2 201 Created"
2025-02-16 21:50:52,695 - INFO - HTTP Request: POST https://wdibahzeizsqpwrhcsnv.supabase.co/rest/v1/options?columns=%22question_id%22%2C%22content%22 "HTTP/2 201 Created"
2025-02-16 21:50:52,831 - INFO - HTTP Request: POST https://wdibahzeizsqpwrhcsnv.supabase.co/rest/v1/option_analysis?columns=%22exam_id%22%2C%22selection_rate%22%2C%22rpbis%22%2C%22discrimination_index%22%2C%22option_id%22 "HTTP/2 201 Created"
2025-02-16 21:50:52,997 - INFO - HTTP Request: PATCH https://wdibahzeizsqpwrhcsnv.supabase.co/rest/v1/questions?id=eq.879 "HTTP/2 200 OK"
2025-02-16 21:50:53,150 - INFO - HTTP Request: POST https://wdibahzeizsqpwrhcsnv.supabase.co/rest/v1/questions?columns=%22correct_option_id%22%2C%22exam_id%22%2C%22content%22 "HTTP/2 201 Created"
2025-02-16 21:50:53,274 - INFO - HTTP Request: POST https://wdibahzeizsqpwrhcsnv.supabase.co/rest/v1/question_analysis?columns=%22question_id%22%2C%22exam_id%22%2C%22difficulty_index%22%2C%22rpbis%22%2C%22discrimination_index%22 "HTTP/2 201 Created"
2025-02-16 21:50:53,417 - INFO - HTTP Request: POST https://wdibahzeizsqpwrhcsnv.supabase.co/rest/v1/options?columns=%22question_id%22%2C%22content%22 "HTTP/2 201 Created"
2025-02-16 21:50:53,555 - INFO - HTTP Request: POST https://wdibahzeizsqpwrhcsnv.supabase.co/rest/v1/option_analysis?columns=%22exam_id%22%2C%22selection_rate%22%2C%22rpbis%22%2C%22discrimination_index%22%2C%22option_id%22 "HTTP/2 201 Created"
2025-02-16 21:50:53,701 - INFO - HTTP Request: POST https://wdibahzeizsqpwrhcsnv.supabase.co/rest/v1/options?columns=%22question_id%22%2C%22content%22 "HTTP/2 201 Created"
2025-02-16 21:50:53,840 - INFO - HTTP Request: POST https://wdibahzeizsqpwrhcsnv.supabase.co/rest/v1/option_analysis?columns=%22exam_id%22%2C%22selection_rate%22%2C%22rpbis%22%2C%22discrimination_index%22%2C%22option_id%22 "HTTP/2 201 Created"
2025-02-16 21:50:53,968 - INFO - HTTP Request: POST https://wdibahzeizsqpwrhcsnv.supabase.co/rest/v1/options?columns=%22question_id%22%2C%22content%22 "HTTP/2 201 Created"
2025-02-16 21:50:54,121 - INFO - HTTP Request: POST https://wdibahzeizsqpwrhcsnv.supabase.co/rest/v1/option_analysis?columns=%22exam_id%22%2C%22selection_rate%22%2C%22rpbis%22%2C%22discrimination_index%22%2C%22option_id%22 "HTTP/2 201 Created"
2025-02-16 21:50:54,260 - INFO - HTTP Request: POST https://wdibahzeizsqpwrhcsnv.supabase.co/rest/v1/options?columns=%22question_id%22%2C%22content%22 "HTTP/2 201 Created"
2025-02-16 21:50:54,401 - INFO - HTTP Request: POST https://wdibahzeizsqpwrhcsnv.supabase.co/rest/v1/option_analysis?columns=%22exam_id%22%2C%22selection_rate%22%2C%22rpbis%22%2C%22discrimination_index%22%2C%22option_id%22 "HTTP/2 201 Created"
2025-02-16 21:50:54,558 - INFO - HTTP Request: PATCH https://wdibahzeizsqpwrhcsnv.supabase.co/rest/v1/questions?id=eq.880 "HTTP/2 200 OK"
2025-02-16 21:50:54,696 - INFO - HTTP Request: POST https://wdibahzeizsqpwrhcsnv.supabase.co/rest/v1/questions?columns=%22correct_option_id%22%2C%22exam_id%22%2C%22content%22 "HTTP/2 201 Created"
2025-02-16 21:50:54,826 - INFO - HTTP Request: POST https://wdibahzeizsqpwrhcsnv.supabase.co/rest/v1/question_analysis?columns=%22question_id%22%2C%22exam_id%22%2C%22difficulty_index%22%2C%22rpbis%22%2C%22discrimination_index%22 "HTTP/2 201 Created"
2025-02-16 21:50:54,957 - INFO - HTTP Request: POST https://wdibahzeizsqpwrhcsnv.supabase.co/rest/v1/options?columns=%22question_id%22%2C%22content%22 "HTTP/2 201 Created"
2025-02-16 21:50:55,088 - INFO - HTTP Request: POST https://wdibahzeizsqpwrhcsnv.supabase.co/rest/v1/option_analysis?columns=%22exam_id%22%2C%22selection_rate%22%2C%22rpbis%22%2C%22discrimination_index%22%2C%22option_id%22 "HTTP/2 201 Created"
2025-02-16 21:50:55,218 - INFO - HTTP Request: POST https://wdibahzeizsqpwrhcsnv.supabase.co/rest/v1/options?columns=%22question_id%22%2C%22content%22 "HTTP/2 201 Created"
2025-02-16 21:50:55,352 - INFO - HTTP Request: POST https://wdibahzeizsqpwrhcsnv.supabase.co/rest/v1/option_analysis?columns=%22exam_id%22%2C%22selection_rate%22%2C%22rpbis%22%2C%22discrimination_index%22%2C%22option_id%22 "HTTP/2 201 Created"
2025-02-16 21:50:55,489 - INFO - HTTP Request: POST https://wdibahzeizsqpwrhcsnv.supabase.co/rest/v1/options?columns=%22question_id%22%2C%22content%22 "HTTP/2 201 Created"
2025-02-16 21:50:55,619 - INFO - HTTP Request: POST https://wdibahzeizsqpwrhcsnv.supabase.co/rest/v1/option_analysis?columns=%22exam_id%22%2C%22selection_rate%22%2C%22rpbis%22%2C%22discrimination_index%22%2C%22option_id%22 "HTTP/2 201 Created"
2025-02-16 21:50:55,762 - INFO - HTTP Request: POST https://wdibahzeizsqpwrhcsnv.supabase.co/rest/v1/options?columns=%22question_id%22%2C%22content%22 "HTTP/2 201 Created"
2025-02-16 21:50:55,957 - INFO - HTTP Request: POST https://wdibahzeizsqpwrhcsnv.supabase.co/rest/v1/option_analysis?columns=%22exam_id%22%2C%22selection_rate%22%2C%22rpbis%22%2C%22discrimination_index%22%2C%22option_id%22 "HTTP/2 201 Created"
2025-02-16 21:50:56,121 - INFO - HTTP Request: PATCH https://wdibahzeizsqpwrhcsnv.supabase.co/rest/v1/questions?id=eq.881 "HTTP/2 200 OK"
2025-02-16 21:50:56,266 - INFO - HTTP Request: POST https://wdibahzeizsqpwrhcsnv.supabase.co/rest/v1/questions?columns=%22correct_option_id%22%2C%22exam_id%22%2C%22content%22 "HTTP/2 201 Created"
2025-02-16 21:50:56,448 - INFO - HTTP Request: POST https://wdibahzeizsqpwrhcsnv.supabase.co/rest/v1/question_analysis?columns=%22question_id%22%2C%22exam_id%22%2C%22difficulty_index%22%2C%22rpbis%22%2C%22discrimination_index%22 "HTTP/2 201 Created"
2025-02-16 21:50:56,716 - INFO - HTTP Request: POST https://wdibahzeizsqpwrhcsnv.supabase.co/rest/v1/options?columns=%22question_id%22%2C%22content%22 "HTTP/2 201 Created"
2025-02-16 21:50:56,881 - INFO - HTTP Request: POST https://wdibahzeizsqpwrhcsnv.supabase.co/rest/v1/option_analysis?columns=%22exam_id%22%2C%22selection_rate%22%2C%22rpbis%22%2C%22discrimination_index%22%2C%22option_id%22 "HTTP/2 201 Created"
2025-02-16 21:50:57,029 - INFO - HTTP Request: POST https://wdibahzeizsqpwrhcsnv.supabase.co/rest/v1/options?columns=%22question_id%22%2C%22content%22 "HTTP/2 201 Created"
2025-02-16 21:50:57,184 - INFO - HTTP Request: POST https://wdibahzeizsqpwrhcsnv.supabase.co/rest/v1/option_analysis?columns=%22exam_id%22%2C%22selection_rate%22%2C%22rpbis%22%2C%22discrimination_index%22%2C%22option_id%22 "HTTP/2 201 Created"
2025-02-16 21:50:57,307 - INFO - HTTP Request: POST https://wdibahzeizsqpwrhcsnv.supabase.co/rest/v1/options?columns=%22question_id%22%2C%22content%22 "HTTP/2 201 Created"
2025-02-16 21:50:57,443 - INFO - HTTP Request: POST https://wdibahzeizsqpwrhcsnv.supabase.co/rest/v1/option_analysis?columns=%22exam_id%22%2C%22selection_rate%22%2C%22rpbis%22%2C%22discrimination_index%22%2C%22option_id%22 "HTTP/2 201 Created"
2025-02-16 21:50:57,579 - INFO - HTTP Request: POST https://wdibahzeizsqpwrhcsnv.supabase.co/rest/v1/options?columns=%22question_id%22%2C%22content%22 "HTTP/2 201 Created"
2025-02-16 21:50:57,702 - INFO - HTTP Request: POST https://wdibahzeizsqpwrhcsnv.supabase.co/rest/v1/option_analysis?columns=%22exam_id%22%2C%22selection_rate%22%2C%22rpbis%22%2C%22discrimination_index%22%2C%22option_id%22 "HTTP/2 201 Created"
2025-02-16 21:50:57,888 - INFO - HTTP Request: PATCH https://wdibahzeizsqpwrhcsnv.supabase.co/rest/v1/questions?id=eq.882 "HTTP/2 200 OK"
2025-02-16 21:50:58,013 - INFO - HTTP Request: POST https://wdibahzeizsqpwrhcsnv.supabase.co/rest/v1/questions?columns=%22correct_option_id%22%2C%22exam_id%22%2C%22content%22 "HTTP/2 201 Created"
2025-02-16 21:50:58,146 - INFO - HTTP Request: POST https://wdibahzeizsqpwrhcsnv.supabase.co/rest/v1/question_analysis?columns=%22question_id%22%2C%22exam_id%22%2C%22difficulty_index%22%2C%22rpbis%22%2C%22discrimination_index%22 "HTTP/2 201 Created"
2025-02-16 21:50:58,270 - INFO - HTTP Request: POST https://wdibahzeizsqpwrhcsnv.supabase.co/rest/v1/options?columns=%22question_id%22%2C%22content%22 "HTTP/2 201 Created"
2025-02-16 21:50:58,399 - INFO - HTTP Request: POST https://wdibahzeizsqpwrhcsnv.supabase.co/rest/v1/option_analysis?columns=%22exam_id%22%2C%22selection_rate%22%2C%22rpbis%22%2C%22discrimination_index%22%2C%22option_id%22 "HTTP/2 201 Created"
2025-02-16 21:50:58,521 - INFO - HTTP Request: POST https://wdibahzeizsqpwrhcsnv.supabase.co/rest/v1/options?columns=%22question_id%22%2C%22content%22 "HTTP/2 201 Created"
2025-02-16 21:50:58,644 - INFO - HTTP Request: POST https://wdibahzeizsqpwrhcsnv.supabase.co/rest/v1/option_analysis?columns=%22exam_id%22%2C%22selection_rate%22%2C%22rpbis%22%2C%22discrimination_index%22%2C%22option_id%22 "HTTP/2 201 Created"
2025-02-16 21:50:58,779 - INFO - HTTP Request: POST https://wdibahzeizsqpwrhcsnv.supabase.co/rest/v1/options?columns=%22question_id%22%2C%22content%22 "HTTP/2 201 Created"
2025-02-16 21:50:58,912 - INFO - HTTP Request: POST https://wdibahzeizsqpwrhcsnv.supabase.co/rest/v1/option_analysis?columns=%22exam_id%22%2C%22selection_rate%22%2C%22rpbis%22%2C%22discrimination_index%22%2C%22option_id%22 "HTTP/2 201 Created"
2025-02-16 21:50:59,037 - INFO - HTTP Request: POST https://wdibahzeizsqpwrhcsnv.supabase.co/rest/v1/options?columns=%22question_id%22%2C%22content%22 "HTTP/2 201 Created"
2025-02-16 21:50:59,167 - INFO - HTTP Request: POST https://wdibahzeizsqpwrhcsnv.supabase.co/rest/v1/option_analysis?columns=%22exam_id%22%2C%22selection_rate%22%2C%22rpbis%22%2C%22discrimination_index%22%2C%22option_id%22 "HTTP/2 201 Created"
2025-02-16 21:50:59,299 - INFO - HTTP Request: PATCH https://wdibahzeizsqpwrhcsnv.supabase.co/rest/v1/questions?id=eq.883 "HTTP/2 200 OK"
2025-02-16 21:50:59,429 - INFO - HTTP Request: POST https://wdibahzeizsqpwrhcsnv.supabase.co/rest/v1/student_exam?columns=%22student_id%22%2C%22exam_id%22%2C%22last_name%22%2C%22first_name%22 "HTTP/2 201 Created"
2025-02-16 21:50:59,430 - INFO - Inserting question ID: 1
2025-02-16 21:50:59,582 - INFO - HTTP Request: POST https://wdibahzeizsqpwrhcsnv.supabase.co/rest/v1/student_answer?columns=%22student_exam_id%22%2C%22question_id%22%2C%22selected_option_id%22%2C%22is_correct%22%2C%22selected_option_index%22 "HTTP/2 201 Created"
2025-02-16 21:50:59,583 - INFO - Inserting question ID: 2
2025-02-16 21:50:59,715 - INFO - HTTP Request: POST https://wdibahzeizsqpwrhcsnv.supabase.co/rest/v1/student_answer?columns=%22student_exam_id%22%2C%22question_id%22%2C%22selected_option_id%22%2C%22is_correct%22%2C%22selected_option_index%22 "HTTP/2 201 Created"
2025-02-16 21:50:59,717 - INFO - Inserting question ID: 3
2025-02-16 21:50:59,959 - INFO - HTTP Request: POST https://wdibahzeizsqpwrhcsnv.supabase.co/rest/v1/student_answer?columns=%22student_exam_id%22%2C%22question_id%22%2C%22selected_option_id%22%2C%22is_correct%22%2C%22selected_option_index%22 "HTTP/2 201 Created"
2025-02-16 21:50:59,963 - INFO - Inserting question ID: 4
2025-02-16 21:51:00,126 - INFO - HTTP Request: POST https://wdibahzeizsqpwrhcsnv.supabase.co/rest/v1/student_answer?columns=%22student_exam_id%22%2C%22question_id%22%2C%22selected_option_id%22%2C%22is_correct%22%2C%22selected_option_index%22 "HTTP/2 201 Created"
2025-02-16 21:51:00,127 - INFO - Inserting question ID: 5
2025-02-16 21:51:01,036 - INFO - HTTP Request: POST https://wdibahzeizsqpwrhcsnv.supabase.co/rest/v1/student_answer?columns=%22student_exam_id%22%2C%22question_id%22%2C%22selected_option_id%22%2C%22is_correct%22%2C%22selected_option_index%22 "HTTP/2 201 Created"
2025-02-16 21:51:01,037 - INFO - Inserting question ID: 6
2025-02-16 21:51:01,757 - INFO - HTTP Request: POST https://wdibahzeizsqpwrhcsnv.supabase.co/rest/v1/student_answer?columns=%22student_exam_id%22%2C%22question_id%22%2C%22selected_option_id%22%2C%22is_correct%22%2C%22selected_option_index%22 "HTTP/2 201 Created"
2025-02-16 21:51:01,758 - INFO - Inserting question ID: 7
2025-02-16 21:51:02,029 - INFO - HTTP Request: POST https://wdibahzeizsqpwrhcsnv.supabase.co/rest/v1/student_answer?columns=%22student_exam_id%22%2C%22question_id%22%2C%22selected_option_id%22%2C%22is_correct%22%2C%22selected_option_index%22 "HTTP/2 201 Created"
2025-02-16 21:51:02,031 - INFO - Inserting question ID: 8
2025-02-16 21:51:02,165 - INFO - HTTP Request: POST https://wdibahzeizsqpwrhcsnv.supabase.co/rest/v1/student_answer?columns=%22student_exam_id%22%2C%22question_id%22%2C%22selected_option_id%22%2C%22is_correct%22%2C%22selected_option_index%22 "HTTP/2 201 Created"
2025-02-16 21:51:02,166 - INFO - Inserting question ID: 9
2025-02-16 21:51:02,302 - INFO - HTTP Request: POST https://wdibahzeizsqpwrhcsnv.supabase.co/rest/v1/student_answer?columns=%22student_exam_id%22%2C%22question_id%22%2C%22selected_option_id%22%2C%22is_correct%22%2C%22selected_option_index%22 "HTTP/2 201 Created"
2025-02-16 21:51:02,303 - INFO - Inserting question ID: 10
2025-02-16 21:51:02,774 - INFO - HTTP Request: POST https://wdibahzeizsqpwrhcsnv.supabase.co/rest/v1/student_answer?columns=%22student_exam_id%22%2C%22question_id%22%2C%22selected_option_id%22%2C%22is_correct%22%2C%22selected_option_index%22 "HTTP/2 201 Created"
2025-02-16 21:51:02,776 - INFO - Inserting question ID: 11
2025-02-16 21:51:03,600 - INFO - HTTP Request: POST https://wdibahzeizsqpwrhcsnv.supabase.co/rest/v1/student_answer?columns=%22student_exam_id%22%2C%22question_id%22%2C%22selected_option_id%22%2C%22is_correct%22%2C%22selected_option_index%22 "HTTP/2 201 Created"
2025-02-16 21:51:03,601 - INFO - Inserting question ID: 12
2025-02-16 21:51:03,786 - INFO - HTTP Request: POST https://wdibahzeizsqpwrhcsnv.supabase.co/rest/v1/student_answer?columns=%22student_exam_id%22%2C%22question_id%22%2C%22selected_option_id%22%2C%22is_correct%22%2C%22selected_option_index%22 "HTTP/2 201 Created"
2025-02-16 21:51:03,787 - INFO - Inserting question ID: 13
2025-02-16 21:51:03,915 - INFO - HTTP Request: POST https://wdibahzeizsqpwrhcsnv.supabase.co/rest/v1/student_answer?columns=%22student_exam_id%22%2C%22question_id%22%2C%22selected_option_id%22%2C%22is_correct%22%2C%22selected_option_index%22 "HTTP/2 201 Created"
2025-02-16 21:51:03,916 - INFO - Inserting question ID: 14
2025-02-16 21:51:04,042 - INFO - HTTP Request: POST https://wdibahzeizsqpwrhcsnv.supabase.co/rest/v1/student_answer?columns=%22student_exam_id%22%2C%22question_id%22%2C%22selected_option_id%22%2C%22is_correct%22%2C%22selected_option_index%22 "HTTP/2 201 Created"
2025-02-16 21:51:04,043 - INFO - Inserting question ID: 15
2025-02-16 21:51:04,171 - INFO - HTTP Request: POST https://wdibahzeizsqpwrhcsnv.supabase.co/rest/v1/student_answer?columns=%22student_exam_id%22%2C%22question_id%22%2C%22selected_option_id%22%2C%22is_correct%22%2C%22selected_option_index%22 "HTTP/2 201 Created"
2025-02-16 21:51:04,171 - INFO - Inserting question ID: 16
2025-02-16 21:51:04,301 - INFO - HTTP Request: POST https://wdibahzeizsqpwrhcsnv.supabase.co/rest/v1/student_answer?columns=%22student_exam_id%22%2C%22question_id%22%2C%22selected_option_id%22%2C%22is_correct%22%2C%22selected_option_index%22 "HTTP/2 201 Created"
2025-02-16 21:51:04,302 - INFO - Inserting question ID: 17
2025-02-16 21:51:04,430 - INFO - HTTP Request: POST https://wdibahzeizsqpwrhcsnv.supabase.co/rest/v1/student_answer?columns=%22student_exam_id%22%2C%22question_id%22%2C%22selected_option_id%22%2C%22is_correct%22%2C%22selected_option_index%22 "HTTP/2 201 Created"
2025-02-16 21:51:04,433 - INFO - Inserting question ID: 18
2025-02-16 21:51:04,568 - INFO - HTTP Request: POST https://wdibahzeizsqpwrhcsnv.supabase.co/rest/v1/student_answer?columns=%22student_exam_id%22%2C%22question_id%22%2C%22selected_option_id%22%2C%22is_correct%22%2C%22selected_option_index%22 "HTTP/2 201 Created"
2025-02-16 21:51:04,569 - INFO - Inserting question ID: 19
2025-02-16 21:51:04,703 - INFO - HTTP Request: POST https://wdibahzeizsqpwrhcsnv.supabase.co/rest/v1/student_answer?columns=%22student_exam_id%22%2C%22question_id%22%2C%22selected_option_id%22%2C%22is_correct%22%2C%22selected_option_index%22 "HTTP/2 201 Created"
2025-02-16 21:51:04,704 - INFO - Inserting question ID: 20
2025-02-16 21:51:04,932 - INFO - HTTP Request: POST https://wdibahzeizsqpwrhcsnv.supabase.co/rest/v1/student_answer?columns=%22student_exam_id%22%2C%22question_id%22%2C%22selected_option_id%22%2C%22is_correct%22%2C%22selected_option_index%22 "HTTP/2 201 Created"
2025-02-16 21:51:04,933 - INFO - Inserting question ID: 21
2025-02-16 21:51:05,065 - INFO - HTTP Request: POST https://wdibahzeizsqpwrhcsnv.supabase.co/rest/v1/student_answer?columns=%22student_exam_id%22%2C%22question_id%22%2C%22selected_option_id%22%2C%22is_correct%22%2C%22selected_option_index%22 "HTTP/2 201 Created"
2025-02-16 21:51:05,066 - INFO - Inserting question ID: 22
2025-02-16 21:51:05,066 - WARNING - No option selected for question_id 873, student_exam_id 92
2025-02-16 21:51:05,222 - INFO - HTTP Request: POST https://wdibahzeizsqpwrhcsnv.supabase.co/rest/v1/student_answer?columns=%22question_id%22%2C%22student_exam_id%22%2C%22is_correct%22%2C%22selected_option_index%22 "HTTP/2 400 Bad Request"
2025-02-16 21:51:05,223 - ERROR - Value error: Error saving data to Supabase: {'code': '23502', 'details': 'Failing row contains (1885, 2025-02-16 14:51:07.103872+00, 92, null, null, -1, 873).', 'hint': None, 'message': 'null value in column "is_correct" of relation "student_answer" violates not-null constraint'}
2025-02-16 21:51:05,224 - INFO - 127.0.0.1 - - [16/Feb/2025 21:51:05] "[31m[1mPOST /api/analyze/ctt HTTP/1.1[0m" 400 -
2025-02-16 21:55:37,361 - INFO -  * Detected change in '/home/longtruong2604/vscode-projects/datn/flask-test/services/analyze.py', reloading
2025-02-16 21:55:37,617 - INFO -  * Restarting with stat
2025-02-16 21:55:38,465 - WARNING -  * Debugger is active!
2025-02-16 21:55:38,466 - INFO -  * Debugger PIN: 776-772-026
2025-02-16 21:55:41,509 - INFO -  * Detected change in '/home/longtruong2604/vscode-projects/datn/flask-test/services/analyze.py', reloading
2025-02-16 21:55:41,700 - INFO -  * Restarting with stat
2025-02-16 21:55:42,331 - WARNING -  * Debugger is active!
2025-02-16 21:55:42,332 - INFO -  * Debugger PIN: 776-772-026
2025-02-16 21:55:49,128 - INFO - HTTP Request: POST https://wdibahzeizsqpwrhcsnv.supabase.co/rest/v1/projects?columns=%22name%22%2C%22user_id%22 "HTTP/2 201 Created"
2025-02-16 21:55:49,133 - INFO - Inserting exam data
2025-02-16 21:55:49,330 - INFO - HTTP Request: POST https://wdibahzeizsqpwrhcsnv.supabase.co/rest/v1/exams?columns=%22name%22%2C%22code%22 "HTTP/2 201 Created"
2025-02-16 21:55:49,546 - INFO - HTTP Request: POST https://wdibahzeizsqpwrhcsnv.supabase.co/rest/v1/exam_analysis?columns=%22project_id%22%2C%22avg_discrimination_index%22%2C%22cronbach_alpha%22%2C%22exam_id%22%2C%22avg_difficulty_index%22 "HTTP/2 201 Created"
2025-02-16 21:55:49,800 - INFO - HTTP Request: POST https://wdibahzeizsqpwrhcsnv.supabase.co/rest/v1/questions?columns=%22exam_id%22%2C%22content%22%2C%22correct_option_id%22 "HTTP/2 201 Created"
2025-02-16 21:55:50,004 - INFO - HTTP Request: POST https://wdibahzeizsqpwrhcsnv.supabase.co/rest/v1/question_analysis?columns=%22difficulty_index%22%2C%22discrimination_index%22%2C%22rpbis%22%2C%22question_id%22%2C%22exam_id%22 "HTTP/2 201 Created"
2025-02-16 21:55:50,123 - INFO - HTTP Request: POST https://wdibahzeizsqpwrhcsnv.supabase.co/rest/v1/options?columns=%22content%22%2C%22question_id%22 "HTTP/2 201 Created"
2025-02-16 21:55:50,332 - INFO - HTTP Request: POST https://wdibahzeizsqpwrhcsnv.supabase.co/rest/v1/option_analysis?columns=%22discrimination_index%22%2C%22option_id%22%2C%22selection_rate%22%2C%22rpbis%22%2C%22exam_id%22 "HTTP/2 201 Created"
2025-02-16 21:55:50,457 - INFO - HTTP Request: POST https://wdibahzeizsqpwrhcsnv.supabase.co/rest/v1/options?columns=%22content%22%2C%22question_id%22 "HTTP/2 201 Created"
2025-02-16 21:55:50,652 - INFO - HTTP Request: POST https://wdibahzeizsqpwrhcsnv.supabase.co/rest/v1/option_analysis?columns=%22discrimination_index%22%2C%22option_id%22%2C%22selection_rate%22%2C%22rpbis%22%2C%22exam_id%22 "HTTP/2 201 Created"
2025-02-16 21:55:50,898 - INFO - HTTP Request: POST https://wdibahzeizsqpwrhcsnv.supabase.co/rest/v1/options?columns=%22content%22%2C%22question_id%22 "HTTP/2 201 Created"
2025-02-16 21:55:51,018 - INFO - HTTP Request: POST https://wdibahzeizsqpwrhcsnv.supabase.co/rest/v1/option_analysis?columns=%22discrimination_index%22%2C%22option_id%22%2C%22selection_rate%22%2C%22rpbis%22%2C%22exam_id%22 "HTTP/2 201 Created"
2025-02-16 21:55:51,278 - INFO - HTTP Request: POST https://wdibahzeizsqpwrhcsnv.supabase.co/rest/v1/options?columns=%22content%22%2C%22question_id%22 "HTTP/2 201 Created"
2025-02-16 21:55:51,529 - INFO - HTTP Request: POST https://wdibahzeizsqpwrhcsnv.supabase.co/rest/v1/option_analysis?columns=%22discrimination_index%22%2C%22option_id%22%2C%22selection_rate%22%2C%22rpbis%22%2C%22exam_id%22 "HTTP/2 201 Created"
2025-02-16 21:55:51,676 - INFO - HTTP Request: PATCH https://wdibahzeizsqpwrhcsnv.supabase.co/rest/v1/questions?id=eq.884 "HTTP/2 200 OK"
2025-02-16 21:55:51,811 - INFO - HTTP Request: POST https://wdibahzeizsqpwrhcsnv.supabase.co/rest/v1/questions?columns=%22exam_id%22%2C%22content%22%2C%22correct_option_id%22 "HTTP/2 201 Created"
2025-02-16 21:55:52,030 - INFO - HTTP Request: POST https://wdibahzeizsqpwrhcsnv.supabase.co/rest/v1/question_analysis?columns=%22difficulty_index%22%2C%22discrimination_index%22%2C%22rpbis%22%2C%22question_id%22%2C%22exam_id%22 "HTTP/2 201 Created"
2025-02-16 21:55:52,208 - INFO - HTTP Request: POST https://wdibahzeizsqpwrhcsnv.supabase.co/rest/v1/options?columns=%22content%22%2C%22question_id%22 "HTTP/2 201 Created"
2025-02-16 21:55:52,428 - INFO - HTTP Request: POST https://wdibahzeizsqpwrhcsnv.supabase.co/rest/v1/option_analysis?columns=%22discrimination_index%22%2C%22option_id%22%2C%22selection_rate%22%2C%22rpbis%22%2C%22exam_id%22 "HTTP/2 201 Created"
2025-02-16 21:55:52,646 - INFO - HTTP Request: POST https://wdibahzeizsqpwrhcsnv.supabase.co/rest/v1/options?columns=%22content%22%2C%22question_id%22 "HTTP/2 201 Created"
2025-02-16 21:55:52,862 - INFO - HTTP Request: POST https://wdibahzeizsqpwrhcsnv.supabase.co/rest/v1/option_analysis?columns=%22discrimination_index%22%2C%22option_id%22%2C%22selection_rate%22%2C%22rpbis%22%2C%22exam_id%22 "HTTP/2 201 Created"
2025-02-16 21:55:52,978 - INFO - HTTP Request: POST https://wdibahzeizsqpwrhcsnv.supabase.co/rest/v1/options?columns=%22content%22%2C%22question_id%22 "HTTP/2 201 Created"
2025-02-16 21:55:53,108 - INFO - HTTP Request: POST https://wdibahzeizsqpwrhcsnv.supabase.co/rest/v1/option_analysis?columns=%22discrimination_index%22%2C%22option_id%22%2C%22selection_rate%22%2C%22rpbis%22%2C%22exam_id%22 "HTTP/2 201 Created"
2025-02-16 21:55:53,238 - INFO - HTTP Request: POST https://wdibahzeizsqpwrhcsnv.supabase.co/rest/v1/options?columns=%22content%22%2C%22question_id%22 "HTTP/2 201 Created"
2025-02-16 21:55:53,377 - INFO - HTTP Request: POST https://wdibahzeizsqpwrhcsnv.supabase.co/rest/v1/option_analysis?columns=%22discrimination_index%22%2C%22option_id%22%2C%22selection_rate%22%2C%22rpbis%22%2C%22exam_id%22 "HTTP/2 201 Created"
2025-02-16 21:55:53,636 - INFO - HTTP Request: PATCH https://wdibahzeizsqpwrhcsnv.supabase.co/rest/v1/questions?id=eq.885 "HTTP/2 200 OK"
2025-02-16 21:55:53,780 - INFO - HTTP Request: POST https://wdibahzeizsqpwrhcsnv.supabase.co/rest/v1/questions?columns=%22exam_id%22%2C%22content%22%2C%22correct_option_id%22 "HTTP/2 201 Created"
2025-02-16 21:55:53,919 - INFO - HTTP Request: POST https://wdibahzeizsqpwrhcsnv.supabase.co/rest/v1/question_analysis?columns=%22difficulty_index%22%2C%22discrimination_index%22%2C%22rpbis%22%2C%22question_id%22%2C%22exam_id%22 "HTTP/2 201 Created"
2025-02-16 21:55:54,084 - INFO - HTTP Request: POST https://wdibahzeizsqpwrhcsnv.supabase.co/rest/v1/options?columns=%22content%22%2C%22question_id%22 "HTTP/2 201 Created"
2025-02-16 21:55:54,211 - INFO - HTTP Request: POST https://wdibahzeizsqpwrhcsnv.supabase.co/rest/v1/option_analysis?columns=%22discrimination_index%22%2C%22option_id%22%2C%22selection_rate%22%2C%22rpbis%22%2C%22exam_id%22 "HTTP/2 201 Created"
2025-02-16 21:55:54,332 - INFO - HTTP Request: POST https://wdibahzeizsqpwrhcsnv.supabase.co/rest/v1/options?columns=%22content%22%2C%22question_id%22 "HTTP/2 201 Created"
2025-02-16 21:55:54,536 - INFO - HTTP Request: POST https://wdibahzeizsqpwrhcsnv.supabase.co/rest/v1/option_analysis?columns=%22discrimination_index%22%2C%22option_id%22%2C%22selection_rate%22%2C%22rpbis%22%2C%22exam_id%22 "HTTP/2 201 Created"
2025-02-16 21:55:54,683 - INFO - HTTP Request: POST https://wdibahzeizsqpwrhcsnv.supabase.co/rest/v1/options?columns=%22content%22%2C%22question_id%22 "HTTP/2 201 Created"
2025-02-16 21:55:54,831 - INFO - HTTP Request: POST https://wdibahzeizsqpwrhcsnv.supabase.co/rest/v1/option_analysis?columns=%22discrimination_index%22%2C%22option_id%22%2C%22selection_rate%22%2C%22rpbis%22%2C%22exam_id%22 "HTTP/2 201 Created"
2025-02-16 21:55:55,006 - INFO - HTTP Request: POST https://wdibahzeizsqpwrhcsnv.supabase.co/rest/v1/options?columns=%22content%22%2C%22question_id%22 "HTTP/2 201 Created"
2025-02-16 21:55:55,210 - INFO - HTTP Request: POST https://wdibahzeizsqpwrhcsnv.supabase.co/rest/v1/option_analysis?columns=%22discrimination_index%22%2C%22option_id%22%2C%22selection_rate%22%2C%22rpbis%22%2C%22exam_id%22 "HTTP/2 201 Created"
2025-02-16 21:55:55,358 - INFO - HTTP Request: PATCH https://wdibahzeizsqpwrhcsnv.supabase.co/rest/v1/questions?id=eq.886 "HTTP/2 200 OK"
2025-02-16 21:55:55,488 - INFO - HTTP Request: POST https://wdibahzeizsqpwrhcsnv.supabase.co/rest/v1/questions?columns=%22exam_id%22%2C%22content%22%2C%22correct_option_id%22 "HTTP/2 201 Created"
2025-02-16 21:55:55,621 - INFO - HTTP Request: POST https://wdibahzeizsqpwrhcsnv.supabase.co/rest/v1/question_analysis?columns=%22difficulty_index%22%2C%22discrimination_index%22%2C%22rpbis%22%2C%22question_id%22%2C%22exam_id%22 "HTTP/2 201 Created"
2025-02-16 21:55:55,770 - INFO - HTTP Request: POST https://wdibahzeizsqpwrhcsnv.supabase.co/rest/v1/options?columns=%22content%22%2C%22question_id%22 "HTTP/2 201 Created"
2025-02-16 21:55:55,903 - INFO - HTTP Request: POST https://wdibahzeizsqpwrhcsnv.supabase.co/rest/v1/option_analysis?columns=%22discrimination_index%22%2C%22option_id%22%2C%22selection_rate%22%2C%22rpbis%22%2C%22exam_id%22 "HTTP/2 201 Created"
2025-02-16 21:55:56,031 - INFO - HTTP Request: POST https://wdibahzeizsqpwrhcsnv.supabase.co/rest/v1/options?columns=%22content%22%2C%22question_id%22 "HTTP/2 201 Created"
2025-02-16 21:55:56,170 - INFO - HTTP Request: POST https://wdibahzeizsqpwrhcsnv.supabase.co/rest/v1/option_analysis?columns=%22discrimination_index%22%2C%22option_id%22%2C%22selection_rate%22%2C%22rpbis%22%2C%22exam_id%22 "HTTP/2 201 Created"
2025-02-16 21:55:56,339 - INFO - HTTP Request: POST https://wdibahzeizsqpwrhcsnv.supabase.co/rest/v1/options?columns=%22content%22%2C%22question_id%22 "HTTP/2 201 Created"
2025-02-16 21:55:56,475 - INFO - HTTP Request: POST https://wdibahzeizsqpwrhcsnv.supabase.co/rest/v1/option_analysis?columns=%22discrimination_index%22%2C%22option_id%22%2C%22selection_rate%22%2C%22rpbis%22%2C%22exam_id%22 "HTTP/2 201 Created"
2025-02-16 21:55:56,639 - INFO - HTTP Request: POST https://wdibahzeizsqpwrhcsnv.supabase.co/rest/v1/options?columns=%22content%22%2C%22question_id%22 "HTTP/2 201 Created"
2025-02-16 21:55:56,764 - INFO - HTTP Request: POST https://wdibahzeizsqpwrhcsnv.supabase.co/rest/v1/option_analysis?columns=%22discrimination_index%22%2C%22option_id%22%2C%22selection_rate%22%2C%22rpbis%22%2C%22exam_id%22 "HTTP/2 201 Created"
2025-02-16 21:55:56,897 - INFO - HTTP Request: PATCH https://wdibahzeizsqpwrhcsnv.supabase.co/rest/v1/questions?id=eq.887 "HTTP/2 200 OK"
2025-02-16 21:55:57,018 - INFO - HTTP Request: POST https://wdibahzeizsqpwrhcsnv.supabase.co/rest/v1/questions?columns=%22exam_id%22%2C%22content%22%2C%22correct_option_id%22 "HTTP/2 201 Created"
2025-02-16 21:55:57,176 - INFO - HTTP Request: POST https://wdibahzeizsqpwrhcsnv.supabase.co/rest/v1/question_analysis?columns=%22difficulty_index%22%2C%22discrimination_index%22%2C%22rpbis%22%2C%22question_id%22%2C%22exam_id%22 "HTTP/2 201 Created"
2025-02-16 21:55:57,345 - INFO - HTTP Request: POST https://wdibahzeizsqpwrhcsnv.supabase.co/rest/v1/options?columns=%22content%22%2C%22question_id%22 "HTTP/2 201 Created"
2025-02-16 21:55:57,475 - INFO - HTTP Request: POST https://wdibahzeizsqpwrhcsnv.supabase.co/rest/v1/option_analysis?columns=%22discrimination_index%22%2C%22option_id%22%2C%22selection_rate%22%2C%22rpbis%22%2C%22exam_id%22 "HTTP/2 201 Created"
2025-02-16 21:55:57,685 - INFO - HTTP Request: POST https://wdibahzeizsqpwrhcsnv.supabase.co/rest/v1/options?columns=%22content%22%2C%22question_id%22 "HTTP/2 201 Created"
2025-02-16 21:55:57,807 - INFO - HTTP Request: POST https://wdibahzeizsqpwrhcsnv.supabase.co/rest/v1/option_analysis?columns=%22discrimination_index%22%2C%22option_id%22%2C%22selection_rate%22%2C%22rpbis%22%2C%22exam_id%22 "HTTP/2 201 Created"
2025-02-16 21:55:57,953 - INFO - HTTP Request: POST https://wdibahzeizsqpwrhcsnv.supabase.co/rest/v1/options?columns=%22content%22%2C%22question_id%22 "HTTP/2 201 Created"
2025-02-16 21:55:58,107 - INFO - HTTP Request: POST https://wdibahzeizsqpwrhcsnv.supabase.co/rest/v1/option_analysis?columns=%22discrimination_index%22%2C%22option_id%22%2C%22selection_rate%22%2C%22rpbis%22%2C%22exam_id%22 "HTTP/2 201 Created"
2025-02-16 21:55:58,257 - INFO - HTTP Request: POST https://wdibahzeizsqpwrhcsnv.supabase.co/rest/v1/options?columns=%22content%22%2C%22question_id%22 "HTTP/2 201 Created"
2025-02-16 21:55:58,387 - INFO - HTTP Request: POST https://wdibahzeizsqpwrhcsnv.supabase.co/rest/v1/option_analysis?columns=%22discrimination_index%22%2C%22option_id%22%2C%22selection_rate%22%2C%22rpbis%22%2C%22exam_id%22 "HTTP/2 201 Created"
2025-02-16 21:55:58,521 - INFO - HTTP Request: PATCH https://wdibahzeizsqpwrhcsnv.supabase.co/rest/v1/questions?id=eq.888 "HTTP/2 200 OK"
2025-02-16 21:55:58,672 - INFO - HTTP Request: POST https://wdibahzeizsqpwrhcsnv.supabase.co/rest/v1/questions?columns=%22exam_id%22%2C%22content%22%2C%22correct_option_id%22 "HTTP/2 201 Created"
2025-02-16 21:55:58,813 - INFO - HTTP Request: POST https://wdibahzeizsqpwrhcsnv.supabase.co/rest/v1/question_analysis?columns=%22difficulty_index%22%2C%22discrimination_index%22%2C%22rpbis%22%2C%22question_id%22%2C%22exam_id%22 "HTTP/2 201 Created"
2025-02-16 21:55:58,939 - INFO - HTTP Request: POST https://wdibahzeizsqpwrhcsnv.supabase.co/rest/v1/options?columns=%22content%22%2C%22question_id%22 "HTTP/2 201 Created"
2025-02-16 21:55:59,070 - INFO - HTTP Request: POST https://wdibahzeizsqpwrhcsnv.supabase.co/rest/v1/option_analysis?columns=%22discrimination_index%22%2C%22option_id%22%2C%22selection_rate%22%2C%22rpbis%22%2C%22exam_id%22 "HTTP/2 201 Created"
2025-02-16 21:55:59,205 - INFO - HTTP Request: POST https://wdibahzeizsqpwrhcsnv.supabase.co/rest/v1/options?columns=%22content%22%2C%22question_id%22 "HTTP/2 201 Created"
2025-02-16 21:55:59,332 - INFO - HTTP Request: POST https://wdibahzeizsqpwrhcsnv.supabase.co/rest/v1/option_analysis?columns=%22discrimination_index%22%2C%22option_id%22%2C%22selection_rate%22%2C%22rpbis%22%2C%22exam_id%22 "HTTP/2 201 Created"
2025-02-16 21:55:59,499 - INFO - HTTP Request: POST https://wdibahzeizsqpwrhcsnv.supabase.co/rest/v1/options?columns=%22content%22%2C%22question_id%22 "HTTP/2 201 Created"
2025-02-16 21:55:59,633 - INFO - HTTP Request: POST https://wdibahzeizsqpwrhcsnv.supabase.co/rest/v1/option_analysis?columns=%22discrimination_index%22%2C%22option_id%22%2C%22selection_rate%22%2C%22rpbis%22%2C%22exam_id%22 "HTTP/2 201 Created"
2025-02-16 21:55:59,771 - INFO - HTTP Request: POST https://wdibahzeizsqpwrhcsnv.supabase.co/rest/v1/options?columns=%22content%22%2C%22question_id%22 "HTTP/2 201 Created"
2025-02-16 21:55:59,905 - INFO - HTTP Request: POST https://wdibahzeizsqpwrhcsnv.supabase.co/rest/v1/option_analysis?columns=%22discrimination_index%22%2C%22option_id%22%2C%22selection_rate%22%2C%22rpbis%22%2C%22exam_id%22 "HTTP/2 201 Created"
2025-02-16 21:56:00,026 - INFO - HTTP Request: PATCH https://wdibahzeizsqpwrhcsnv.supabase.co/rest/v1/questions?id=eq.889 "HTTP/2 200 OK"
2025-02-16 21:56:00,179 - INFO - HTTP Request: POST https://wdibahzeizsqpwrhcsnv.supabase.co/rest/v1/questions?columns=%22exam_id%22%2C%22content%22%2C%22correct_option_id%22 "HTTP/2 201 Created"
2025-02-16 21:56:00,300 - INFO - HTTP Request: POST https://wdibahzeizsqpwrhcsnv.supabase.co/rest/v1/question_analysis?columns=%22difficulty_index%22%2C%22discrimination_index%22%2C%22rpbis%22%2C%22question_id%22%2C%22exam_id%22 "HTTP/2 201 Created"
2025-02-16 21:56:00,475 - INFO - HTTP Request: POST https://wdibahzeizsqpwrhcsnv.supabase.co/rest/v1/options?columns=%22content%22%2C%22question_id%22 "HTTP/2 201 Created"
2025-02-16 21:56:00,605 - INFO - HTTP Request: POST https://wdibahzeizsqpwrhcsnv.supabase.co/rest/v1/option_analysis?columns=%22discrimination_index%22%2C%22option_id%22%2C%22selection_rate%22%2C%22rpbis%22%2C%22exam_id%22 "HTTP/2 201 Created"
2025-02-16 21:56:00,731 - INFO - HTTP Request: POST https://wdibahzeizsqpwrhcsnv.supabase.co/rest/v1/options?columns=%22content%22%2C%22question_id%22 "HTTP/2 201 Created"
2025-02-16 21:56:00,859 - INFO - HTTP Request: POST https://wdibahzeizsqpwrhcsnv.supabase.co/rest/v1/option_analysis?columns=%22discrimination_index%22%2C%22option_id%22%2C%22selection_rate%22%2C%22rpbis%22%2C%22exam_id%22 "HTTP/2 201 Created"
2025-02-16 21:56:00,982 - INFO - HTTP Request: POST https://wdibahzeizsqpwrhcsnv.supabase.co/rest/v1/options?columns=%22content%22%2C%22question_id%22 "HTTP/2 201 Created"
2025-02-16 21:56:01,121 - INFO - HTTP Request: POST https://wdibahzeizsqpwrhcsnv.supabase.co/rest/v1/option_analysis?columns=%22discrimination_index%22%2C%22option_id%22%2C%22selection_rate%22%2C%22rpbis%22%2C%22exam_id%22 "HTTP/2 201 Created"
2025-02-16 21:56:01,257 - INFO - HTTP Request: POST https://wdibahzeizsqpwrhcsnv.supabase.co/rest/v1/options?columns=%22content%22%2C%22question_id%22 "HTTP/2 201 Created"
2025-02-16 21:56:01,385 - INFO - HTTP Request: POST https://wdibahzeizsqpwrhcsnv.supabase.co/rest/v1/option_analysis?columns=%22discrimination_index%22%2C%22option_id%22%2C%22selection_rate%22%2C%22rpbis%22%2C%22exam_id%22 "HTTP/2 201 Created"
2025-02-16 21:56:01,554 - INFO - HTTP Request: PATCH https://wdibahzeizsqpwrhcsnv.supabase.co/rest/v1/questions?id=eq.890 "HTTP/2 200 OK"
2025-02-16 21:56:01,687 - INFO - HTTP Request: POST https://wdibahzeizsqpwrhcsnv.supabase.co/rest/v1/questions?columns=%22exam_id%22%2C%22content%22%2C%22correct_option_id%22 "HTTP/2 201 Created"
2025-02-16 21:56:01,825 - INFO - HTTP Request: POST https://wdibahzeizsqpwrhcsnv.supabase.co/rest/v1/question_analysis?columns=%22difficulty_index%22%2C%22discrimination_index%22%2C%22rpbis%22%2C%22question_id%22%2C%22exam_id%22 "HTTP/2 201 Created"
2025-02-16 21:56:01,973 - INFO - HTTP Request: POST https://wdibahzeizsqpwrhcsnv.supabase.co/rest/v1/options?columns=%22content%22%2C%22question_id%22 "HTTP/2 201 Created"
2025-02-16 21:56:02,101 - INFO - HTTP Request: POST https://wdibahzeizsqpwrhcsnv.supabase.co/rest/v1/option_analysis?columns=%22discrimination_index%22%2C%22option_id%22%2C%22selection_rate%22%2C%22rpbis%22%2C%22exam_id%22 "HTTP/2 201 Created"
2025-02-16 21:56:02,226 - INFO - HTTP Request: POST https://wdibahzeizsqpwrhcsnv.supabase.co/rest/v1/options?columns=%22content%22%2C%22question_id%22 "HTTP/2 201 Created"
2025-02-16 21:56:02,351 - INFO - HTTP Request: POST https://wdibahzeizsqpwrhcsnv.supabase.co/rest/v1/option_analysis?columns=%22discrimination_index%22%2C%22option_id%22%2C%22selection_rate%22%2C%22rpbis%22%2C%22exam_id%22 "HTTP/2 201 Created"
2025-02-16 21:56:02,531 - INFO - HTTP Request: POST https://wdibahzeizsqpwrhcsnv.supabase.co/rest/v1/options?columns=%22content%22%2C%22question_id%22 "HTTP/2 201 Created"
2025-02-16 21:56:02,655 - INFO - HTTP Request: POST https://wdibahzeizsqpwrhcsnv.supabase.co/rest/v1/option_analysis?columns=%22discrimination_index%22%2C%22option_id%22%2C%22selection_rate%22%2C%22rpbis%22%2C%22exam_id%22 "HTTP/2 201 Created"
2025-02-16 21:56:02,784 - INFO - HTTP Request: POST https://wdibahzeizsqpwrhcsnv.supabase.co/rest/v1/options?columns=%22content%22%2C%22question_id%22 "HTTP/2 201 Created"
2025-02-16 21:56:02,916 - INFO - HTTP Request: POST https://wdibahzeizsqpwrhcsnv.supabase.co/rest/v1/option_analysis?columns=%22discrimination_index%22%2C%22option_id%22%2C%22selection_rate%22%2C%22rpbis%22%2C%22exam_id%22 "HTTP/2 201 Created"
2025-02-16 21:56:03,057 - INFO - HTTP Request: PATCH https://wdibahzeizsqpwrhcsnv.supabase.co/rest/v1/questions?id=eq.891 "HTTP/2 200 OK"
2025-02-16 21:56:03,209 - INFO - HTTP Request: POST https://wdibahzeizsqpwrhcsnv.supabase.co/rest/v1/questions?columns=%22exam_id%22%2C%22content%22%2C%22correct_option_id%22 "HTTP/2 201 Created"
2025-02-16 21:56:03,335 - INFO - HTTP Request: POST https://wdibahzeizsqpwrhcsnv.supabase.co/rest/v1/question_analysis?columns=%22difficulty_index%22%2C%22discrimination_index%22%2C%22rpbis%22%2C%22question_id%22%2C%22exam_id%22 "HTTP/2 201 Created"
2025-02-16 21:56:03,466 - INFO - HTTP Request: POST https://wdibahzeizsqpwrhcsnv.supabase.co/rest/v1/options?columns=%22content%22%2C%22question_id%22 "HTTP/2 201 Created"
2025-02-16 21:56:03,595 - INFO - HTTP Request: POST https://wdibahzeizsqpwrhcsnv.supabase.co/rest/v1/option_analysis?columns=%22discrimination_index%22%2C%22option_id%22%2C%22selection_rate%22%2C%22rpbis%22%2C%22exam_id%22 "HTTP/2 201 Created"
2025-02-16 21:56:03,725 - INFO - HTTP Request: POST https://wdibahzeizsqpwrhcsnv.supabase.co/rest/v1/options?columns=%22content%22%2C%22question_id%22 "HTTP/2 201 Created"
2025-02-16 21:56:03,850 - INFO - HTTP Request: POST https://wdibahzeizsqpwrhcsnv.supabase.co/rest/v1/option_analysis?columns=%22discrimination_index%22%2C%22option_id%22%2C%22selection_rate%22%2C%22rpbis%22%2C%22exam_id%22 "HTTP/2 201 Created"
2025-02-16 21:56:03,979 - INFO - HTTP Request: POST https://wdibahzeizsqpwrhcsnv.supabase.co/rest/v1/options?columns=%22content%22%2C%22question_id%22 "HTTP/2 201 Created"
2025-02-16 21:56:04,161 - INFO - HTTP Request: POST https://wdibahzeizsqpwrhcsnv.supabase.co/rest/v1/option_analysis?columns=%22discrimination_index%22%2C%22option_id%22%2C%22selection_rate%22%2C%22rpbis%22%2C%22exam_id%22 "HTTP/2 201 Created"
2025-02-16 21:56:04,278 - INFO - HTTP Request: POST https://wdibahzeizsqpwrhcsnv.supabase.co/rest/v1/options?columns=%22content%22%2C%22question_id%22 "HTTP/2 201 Created"
2025-02-16 21:56:04,442 - INFO - HTTP Request: POST https://wdibahzeizsqpwrhcsnv.supabase.co/rest/v1/option_analysis?columns=%22discrimination_index%22%2C%22option_id%22%2C%22selection_rate%22%2C%22rpbis%22%2C%22exam_id%22 "HTTP/2 201 Created"
2025-02-16 21:56:04,569 - INFO - HTTP Request: PATCH https://wdibahzeizsqpwrhcsnv.supabase.co/rest/v1/questions?id=eq.892 "HTTP/2 200 OK"
2025-02-16 21:56:04,707 - INFO - HTTP Request: POST https://wdibahzeizsqpwrhcsnv.supabase.co/rest/v1/questions?columns=%22exam_id%22%2C%22content%22%2C%22correct_option_id%22 "HTTP/2 201 Created"
2025-02-16 21:56:04,833 - INFO - HTTP Request: POST https://wdibahzeizsqpwrhcsnv.supabase.co/rest/v1/question_analysis?columns=%22difficulty_index%22%2C%22discrimination_index%22%2C%22rpbis%22%2C%22question_id%22%2C%22exam_id%22 "HTTP/2 201 Created"
2025-02-16 21:56:04,965 - INFO - HTTP Request: POST https://wdibahzeizsqpwrhcsnv.supabase.co/rest/v1/options?columns=%22content%22%2C%22question_id%22 "HTTP/2 201 Created"
2025-02-16 21:56:05,080 - INFO - HTTP Request: POST https://wdibahzeizsqpwrhcsnv.supabase.co/rest/v1/option_analysis?columns=%22discrimination_index%22%2C%22option_id%22%2C%22selection_rate%22%2C%22rpbis%22%2C%22exam_id%22 "HTTP/2 201 Created"
2025-02-16 21:56:05,196 - INFO - HTTP Request: POST https://wdibahzeizsqpwrhcsnv.supabase.co/rest/v1/options?columns=%22content%22%2C%22question_id%22 "HTTP/2 201 Created"
2025-02-16 21:56:05,326 - INFO - HTTP Request: POST https://wdibahzeizsqpwrhcsnv.supabase.co/rest/v1/option_analysis?columns=%22discrimination_index%22%2C%22option_id%22%2C%22selection_rate%22%2C%22rpbis%22%2C%22exam_id%22 "HTTP/2 201 Created"
2025-02-16 21:56:05,461 - INFO - HTTP Request: POST https://wdibahzeizsqpwrhcsnv.supabase.co/rest/v1/options?columns=%22content%22%2C%22question_id%22 "HTTP/2 201 Created"
2025-02-16 21:56:05,603 - INFO - HTTP Request: POST https://wdibahzeizsqpwrhcsnv.supabase.co/rest/v1/option_analysis?columns=%22discrimination_index%22%2C%22option_id%22%2C%22selection_rate%22%2C%22rpbis%22%2C%22exam_id%22 "HTTP/2 201 Created"
2025-02-16 21:56:05,729 - INFO - HTTP Request: POST https://wdibahzeizsqpwrhcsnv.supabase.co/rest/v1/options?columns=%22content%22%2C%22question_id%22 "HTTP/2 201 Created"
2025-02-16 21:56:05,865 - INFO - HTTP Request: POST https://wdibahzeizsqpwrhcsnv.supabase.co/rest/v1/option_analysis?columns=%22discrimination_index%22%2C%22option_id%22%2C%22selection_rate%22%2C%22rpbis%22%2C%22exam_id%22 "HTTP/2 201 Created"
2025-02-16 21:56:05,993 - INFO - HTTP Request: PATCH https://wdibahzeizsqpwrhcsnv.supabase.co/rest/v1/questions?id=eq.893 "HTTP/2 200 OK"
2025-02-16 21:56:06,128 - INFO - HTTP Request: POST https://wdibahzeizsqpwrhcsnv.supabase.co/rest/v1/questions?columns=%22exam_id%22%2C%22content%22%2C%22correct_option_id%22 "HTTP/2 201 Created"
2025-02-16 21:56:06,296 - INFO - HTTP Request: POST https://wdibahzeizsqpwrhcsnv.supabase.co/rest/v1/question_analysis?columns=%22difficulty_index%22%2C%22discrimination_index%22%2C%22rpbis%22%2C%22question_id%22%2C%22exam_id%22 "HTTP/2 201 Created"
2025-02-16 21:56:06,419 - INFO - HTTP Request: POST https://wdibahzeizsqpwrhcsnv.supabase.co/rest/v1/options?columns=%22content%22%2C%22question_id%22 "HTTP/2 201 Created"
2025-02-16 21:56:06,588 - INFO - HTTP Request: POST https://wdibahzeizsqpwrhcsnv.supabase.co/rest/v1/option_analysis?columns=%22discrimination_index%22%2C%22option_id%22%2C%22selection_rate%22%2C%22rpbis%22%2C%22exam_id%22 "HTTP/2 201 Created"
2025-02-16 21:56:06,757 - INFO - HTTP Request: POST https://wdibahzeizsqpwrhcsnv.supabase.co/rest/v1/options?columns=%22content%22%2C%22question_id%22 "HTTP/2 201 Created"
2025-02-16 21:56:06,884 - INFO - HTTP Request: POST https://wdibahzeizsqpwrhcsnv.supabase.co/rest/v1/option_analysis?columns=%22discrimination_index%22%2C%22option_id%22%2C%22selection_rate%22%2C%22rpbis%22%2C%22exam_id%22 "HTTP/2 201 Created"
2025-02-16 21:56:07,019 - INFO - HTTP Request: POST https://wdibahzeizsqpwrhcsnv.supabase.co/rest/v1/options?columns=%22content%22%2C%22question_id%22 "HTTP/2 201 Created"
2025-02-16 21:56:07,161 - INFO - HTTP Request: POST https://wdibahzeizsqpwrhcsnv.supabase.co/rest/v1/option_analysis?columns=%22discrimination_index%22%2C%22option_id%22%2C%22selection_rate%22%2C%22rpbis%22%2C%22exam_id%22 "HTTP/2 201 Created"
2025-02-16 21:56:07,291 - INFO - HTTP Request: POST https://wdibahzeizsqpwrhcsnv.supabase.co/rest/v1/options?columns=%22content%22%2C%22question_id%22 "HTTP/2 201 Created"
2025-02-16 21:56:07,422 - INFO - HTTP Request: POST https://wdibahzeizsqpwrhcsnv.supabase.co/rest/v1/option_analysis?columns=%22discrimination_index%22%2C%22option_id%22%2C%22selection_rate%22%2C%22rpbis%22%2C%22exam_id%22 "HTTP/2 201 Created"
2025-02-16 21:56:07,534 - INFO - HTTP Request: PATCH https://wdibahzeizsqpwrhcsnv.supabase.co/rest/v1/questions?id=eq.894 "HTTP/2 200 OK"
2025-02-16 21:56:07,668 - INFO - HTTP Request: POST https://wdibahzeizsqpwrhcsnv.supabase.co/rest/v1/questions?columns=%22exam_id%22%2C%22content%22%2C%22correct_option_id%22 "HTTP/2 201 Created"
2025-02-16 21:56:07,790 - INFO - HTTP Request: POST https://wdibahzeizsqpwrhcsnv.supabase.co/rest/v1/question_analysis?columns=%22difficulty_index%22%2C%22discrimination_index%22%2C%22rpbis%22%2C%22question_id%22%2C%22exam_id%22 "HTTP/2 201 Created"
2025-02-16 21:56:07,953 - INFO - HTTP Request: POST https://wdibahzeizsqpwrhcsnv.supabase.co/rest/v1/options?columns=%22content%22%2C%22question_id%22 "HTTP/2 201 Created"
2025-02-16 21:56:08,085 - INFO - HTTP Request: POST https://wdibahzeizsqpwrhcsnv.supabase.co/rest/v1/option_analysis?columns=%22discrimination_index%22%2C%22option_id%22%2C%22selection_rate%22%2C%22rpbis%22%2C%22exam_id%22 "HTTP/2 201 Created"
2025-02-16 21:56:08,261 - INFO - HTTP Request: POST https://wdibahzeizsqpwrhcsnv.supabase.co/rest/v1/options?columns=%22content%22%2C%22question_id%22 "HTTP/2 201 Created"
2025-02-16 21:56:08,383 - INFO - HTTP Request: POST https://wdibahzeizsqpwrhcsnv.supabase.co/rest/v1/option_analysis?columns=%22discrimination_index%22%2C%22option_id%22%2C%22selection_rate%22%2C%22rpbis%22%2C%22exam_id%22 "HTTP/2 201 Created"
2025-02-16 21:56:08,514 - INFO - HTTP Request: POST https://wdibahzeizsqpwrhcsnv.supabase.co/rest/v1/options?columns=%22content%22%2C%22question_id%22 "HTTP/2 201 Created"
2025-02-16 21:56:08,652 - INFO - HTTP Request: POST https://wdibahzeizsqpwrhcsnv.supabase.co/rest/v1/option_analysis?columns=%22discrimination_index%22%2C%22option_id%22%2C%22selection_rate%22%2C%22rpbis%22%2C%22exam_id%22 "HTTP/2 201 Created"
2025-02-16 21:56:08,801 - INFO - HTTP Request: POST https://wdibahzeizsqpwrhcsnv.supabase.co/rest/v1/options?columns=%22content%22%2C%22question_id%22 "HTTP/2 201 Created"
2025-02-16 21:56:08,932 - INFO - HTTP Request: POST https://wdibahzeizsqpwrhcsnv.supabase.co/rest/v1/option_analysis?columns=%22discrimination_index%22%2C%22option_id%22%2C%22selection_rate%22%2C%22rpbis%22%2C%22exam_id%22 "HTTP/2 201 Created"
2025-02-16 21:56:09,057 - INFO - HTTP Request: PATCH https://wdibahzeizsqpwrhcsnv.supabase.co/rest/v1/questions?id=eq.895 "HTTP/2 200 OK"
2025-02-16 21:56:09,183 - INFO - HTTP Request: POST https://wdibahzeizsqpwrhcsnv.supabase.co/rest/v1/questions?columns=%22exam_id%22%2C%22content%22%2C%22correct_option_id%22 "HTTP/2 201 Created"
2025-02-16 21:56:09,309 - INFO - HTTP Request: POST https://wdibahzeizsqpwrhcsnv.supabase.co/rest/v1/question_analysis?columns=%22difficulty_index%22%2C%22discrimination_index%22%2C%22rpbis%22%2C%22question_id%22%2C%22exam_id%22 "HTTP/2 201 Created"
2025-02-16 21:56:09,444 - INFO - HTTP Request: POST https://wdibahzeizsqpwrhcsnv.supabase.co/rest/v1/options?columns=%22content%22%2C%22question_id%22 "HTTP/2 201 Created"
2025-02-16 21:56:09,574 - INFO - HTTP Request: POST https://wdibahzeizsqpwrhcsnv.supabase.co/rest/v1/option_analysis?columns=%22discrimination_index%22%2C%22option_id%22%2C%22selection_rate%22%2C%22rpbis%22%2C%22exam_id%22 "HTTP/2 201 Created"
2025-02-16 21:56:09,729 - INFO - HTTP Request: POST https://wdibahzeizsqpwrhcsnv.supabase.co/rest/v1/options?columns=%22content%22%2C%22question_id%22 "HTTP/2 201 Created"
2025-02-16 21:56:09,857 - INFO - HTTP Request: POST https://wdibahzeizsqpwrhcsnv.supabase.co/rest/v1/option_analysis?columns=%22discrimination_index%22%2C%22option_id%22%2C%22selection_rate%22%2C%22rpbis%22%2C%22exam_id%22 "HTTP/2 201 Created"
2025-02-16 21:56:10,054 - INFO - HTTP Request: POST https://wdibahzeizsqpwrhcsnv.supabase.co/rest/v1/options?columns=%22content%22%2C%22question_id%22 "HTTP/2 201 Created"
2025-02-16 21:56:10,217 - INFO - HTTP Request: POST https://wdibahzeizsqpwrhcsnv.supabase.co/rest/v1/option_analysis?columns=%22discrimination_index%22%2C%22option_id%22%2C%22selection_rate%22%2C%22rpbis%22%2C%22exam_id%22 "HTTP/2 201 Created"
2025-02-16 21:56:10,353 - INFO - HTTP Request: POST https://wdibahzeizsqpwrhcsnv.supabase.co/rest/v1/options?columns=%22content%22%2C%22question_id%22 "HTTP/2 201 Created"
2025-02-16 21:56:10,542 - INFO - HTTP Request: POST https://wdibahzeizsqpwrhcsnv.supabase.co/rest/v1/option_analysis?columns=%22discrimination_index%22%2C%22option_id%22%2C%22selection_rate%22%2C%22rpbis%22%2C%22exam_id%22 "HTTP/2 201 Created"
2025-02-16 21:56:10,671 - INFO - HTTP Request: PATCH https://wdibahzeizsqpwrhcsnv.supabase.co/rest/v1/questions?id=eq.896 "HTTP/2 200 OK"
2025-02-16 21:56:10,893 - INFO - HTTP Request: POST https://wdibahzeizsqpwrhcsnv.supabase.co/rest/v1/questions?columns=%22exam_id%22%2C%22content%22%2C%22correct_option_id%22 "HTTP/2 201 Created"
2025-02-16 21:56:11,035 - INFO - HTTP Request: POST https://wdibahzeizsqpwrhcsnv.supabase.co/rest/v1/question_analysis?columns=%22difficulty_index%22%2C%22discrimination_index%22%2C%22rpbis%22%2C%22question_id%22%2C%22exam_id%22 "HTTP/2 201 Created"
2025-02-16 21:56:11,181 - INFO - HTTP Request: POST https://wdibahzeizsqpwrhcsnv.supabase.co/rest/v1/options?columns=%22content%22%2C%22question_id%22 "HTTP/2 201 Created"
2025-02-16 21:56:11,305 - INFO - HTTP Request: POST https://wdibahzeizsqpwrhcsnv.supabase.co/rest/v1/option_analysis?columns=%22discrimination_index%22%2C%22option_id%22%2C%22selection_rate%22%2C%22rpbis%22%2C%22exam_id%22 "HTTP/2 201 Created"
2025-02-16 21:56:11,495 - INFO - HTTP Request: POST https://wdibahzeizsqpwrhcsnv.supabase.co/rest/v1/options?columns=%22content%22%2C%22question_id%22 "HTTP/2 201 Created"
2025-02-16 21:56:11,659 - INFO - HTTP Request: POST https://wdibahzeizsqpwrhcsnv.supabase.co/rest/v1/option_analysis?columns=%22discrimination_index%22%2C%22option_id%22%2C%22selection_rate%22%2C%22rpbis%22%2C%22exam_id%22 "HTTP/2 201 Created"
2025-02-16 21:56:11,787 - INFO - HTTP Request: POST https://wdibahzeizsqpwrhcsnv.supabase.co/rest/v1/options?columns=%22content%22%2C%22question_id%22 "HTTP/2 201 Created"
2025-02-16 21:56:11,909 - INFO - HTTP Request: POST https://wdibahzeizsqpwrhcsnv.supabase.co/rest/v1/option_analysis?columns=%22discrimination_index%22%2C%22option_id%22%2C%22selection_rate%22%2C%22rpbis%22%2C%22exam_id%22 "HTTP/2 201 Created"
2025-02-16 21:56:12,059 - INFO - HTTP Request: POST https://wdibahzeizsqpwrhcsnv.supabase.co/rest/v1/options?columns=%22content%22%2C%22question_id%22 "HTTP/2 201 Created"
2025-02-16 21:56:12,197 - INFO - HTTP Request: POST https://wdibahzeizsqpwrhcsnv.supabase.co/rest/v1/option_analysis?columns=%22discrimination_index%22%2C%22option_id%22%2C%22selection_rate%22%2C%22rpbis%22%2C%22exam_id%22 "HTTP/2 201 Created"
2025-02-16 21:56:12,328 - INFO - HTTP Request: PATCH https://wdibahzeizsqpwrhcsnv.supabase.co/rest/v1/questions?id=eq.897 "HTTP/2 200 OK"
2025-02-16 21:56:12,462 - INFO - HTTP Request: POST https://wdibahzeizsqpwrhcsnv.supabase.co/rest/v1/questions?columns=%22exam_id%22%2C%22content%22%2C%22correct_option_id%22 "HTTP/2 201 Created"
2025-02-16 21:56:12,603 - INFO - HTTP Request: POST https://wdibahzeizsqpwrhcsnv.supabase.co/rest/v1/question_analysis?columns=%22difficulty_index%22%2C%22discrimination_index%22%2C%22rpbis%22%2C%22question_id%22%2C%22exam_id%22 "HTTP/2 201 Created"
2025-02-16 21:56:12,759 - INFO - HTTP Request: POST https://wdibahzeizsqpwrhcsnv.supabase.co/rest/v1/options?columns=%22content%22%2C%22question_id%22 "HTTP/2 201 Created"
2025-02-16 21:56:12,879 - INFO - HTTP Request: POST https://wdibahzeizsqpwrhcsnv.supabase.co/rest/v1/option_analysis?columns=%22discrimination_index%22%2C%22option_id%22%2C%22selection_rate%22%2C%22rpbis%22%2C%22exam_id%22 "HTTP/2 201 Created"
2025-02-16 21:56:13,022 - INFO - HTTP Request: POST https://wdibahzeizsqpwrhcsnv.supabase.co/rest/v1/options?columns=%22content%22%2C%22question_id%22 "HTTP/2 201 Created"
2025-02-16 21:56:13,159 - INFO - HTTP Request: POST https://wdibahzeizsqpwrhcsnv.supabase.co/rest/v1/option_analysis?columns=%22discrimination_index%22%2C%22option_id%22%2C%22selection_rate%22%2C%22rpbis%22%2C%22exam_id%22 "HTTP/2 201 Created"
2025-02-16 21:56:13,288 - INFO - HTTP Request: POST https://wdibahzeizsqpwrhcsnv.supabase.co/rest/v1/options?columns=%22content%22%2C%22question_id%22 "HTTP/2 201 Created"
2025-02-16 21:56:13,406 - INFO - HTTP Request: POST https://wdibahzeizsqpwrhcsnv.supabase.co/rest/v1/option_analysis?columns=%22discrimination_index%22%2C%22option_id%22%2C%22selection_rate%22%2C%22rpbis%22%2C%22exam_id%22 "HTTP/2 201 Created"
2025-02-16 21:56:13,536 - INFO - HTTP Request: POST https://wdibahzeizsqpwrhcsnv.supabase.co/rest/v1/options?columns=%22content%22%2C%22question_id%22 "HTTP/2 201 Created"
2025-02-16 21:56:13,705 - INFO - HTTP Request: POST https://wdibahzeizsqpwrhcsnv.supabase.co/rest/v1/option_analysis?columns=%22discrimination_index%22%2C%22option_id%22%2C%22selection_rate%22%2C%22rpbis%22%2C%22exam_id%22 "HTTP/2 201 Created"
2025-02-16 21:56:13,852 - INFO - HTTP Request: PATCH https://wdibahzeizsqpwrhcsnv.supabase.co/rest/v1/questions?id=eq.898 "HTTP/2 200 OK"
2025-02-16 21:56:14,016 - INFO - HTTP Request: POST https://wdibahzeizsqpwrhcsnv.supabase.co/rest/v1/questions?columns=%22exam_id%22%2C%22content%22%2C%22correct_option_id%22 "HTTP/2 201 Created"
2025-02-16 21:56:14,145 - INFO - HTTP Request: POST https://wdibahzeizsqpwrhcsnv.supabase.co/rest/v1/question_analysis?columns=%22difficulty_index%22%2C%22discrimination_index%22%2C%22rpbis%22%2C%22question_id%22%2C%22exam_id%22 "HTTP/2 201 Created"
2025-02-16 21:56:14,286 - INFO - HTTP Request: POST https://wdibahzeizsqpwrhcsnv.supabase.co/rest/v1/options?columns=%22content%22%2C%22question_id%22 "HTTP/2 201 Created"
2025-02-16 21:56:14,419 - INFO - HTTP Request: POST https://wdibahzeizsqpwrhcsnv.supabase.co/rest/v1/option_analysis?columns=%22discrimination_index%22%2C%22option_id%22%2C%22selection_rate%22%2C%22rpbis%22%2C%22exam_id%22 "HTTP/2 201 Created"
2025-02-16 21:56:14,566 - INFO - HTTP Request: POST https://wdibahzeizsqpwrhcsnv.supabase.co/rest/v1/options?columns=%22content%22%2C%22question_id%22 "HTTP/2 201 Created"
2025-02-16 21:56:14,697 - INFO - HTTP Request: POST https://wdibahzeizsqpwrhcsnv.supabase.co/rest/v1/option_analysis?columns=%22discrimination_index%22%2C%22option_id%22%2C%22selection_rate%22%2C%22rpbis%22%2C%22exam_id%22 "HTTP/2 201 Created"
2025-02-16 21:56:14,823 - INFO - HTTP Request: POST https://wdibahzeizsqpwrhcsnv.supabase.co/rest/v1/options?columns=%22content%22%2C%22question_id%22 "HTTP/2 201 Created"
2025-02-16 21:56:14,956 - INFO - HTTP Request: POST https://wdibahzeizsqpwrhcsnv.supabase.co/rest/v1/option_analysis?columns=%22discrimination_index%22%2C%22option_id%22%2C%22selection_rate%22%2C%22rpbis%22%2C%22exam_id%22 "HTTP/2 201 Created"
2025-02-16 21:56:15,083 - INFO - HTTP Request: POST https://wdibahzeizsqpwrhcsnv.supabase.co/rest/v1/options?columns=%22content%22%2C%22question_id%22 "HTTP/2 201 Created"
2025-02-16 21:56:15,261 - INFO - HTTP Request: POST https://wdibahzeizsqpwrhcsnv.supabase.co/rest/v1/option_analysis?columns=%22discrimination_index%22%2C%22option_id%22%2C%22selection_rate%22%2C%22rpbis%22%2C%22exam_id%22 "HTTP/2 201 Created"
2025-02-16 21:56:15,378 - INFO - HTTP Request: PATCH https://wdibahzeizsqpwrhcsnv.supabase.co/rest/v1/questions?id=eq.899 "HTTP/2 200 OK"
2025-02-16 21:56:15,527 - INFO - HTTP Request: POST https://wdibahzeizsqpwrhcsnv.supabase.co/rest/v1/questions?columns=%22exam_id%22%2C%22content%22%2C%22correct_option_id%22 "HTTP/2 201 Created"
2025-02-16 21:56:15,647 - INFO - HTTP Request: POST https://wdibahzeizsqpwrhcsnv.supabase.co/rest/v1/question_analysis?columns=%22difficulty_index%22%2C%22discrimination_index%22%2C%22rpbis%22%2C%22question_id%22%2C%22exam_id%22 "HTTP/2 201 Created"
2025-02-16 21:56:15,772 - INFO - HTTP Request: POST https://wdibahzeizsqpwrhcsnv.supabase.co/rest/v1/options?columns=%22content%22%2C%22question_id%22 "HTTP/2 201 Created"
2025-02-16 21:56:15,897 - INFO - HTTP Request: POST https://wdibahzeizsqpwrhcsnv.supabase.co/rest/v1/option_analysis?columns=%22discrimination_index%22%2C%22option_id%22%2C%22selection_rate%22%2C%22rpbis%22%2C%22exam_id%22 "HTTP/2 201 Created"
2025-02-16 21:56:16,024 - INFO - HTTP Request: POST https://wdibahzeizsqpwrhcsnv.supabase.co/rest/v1/options?columns=%22content%22%2C%22question_id%22 "HTTP/2 201 Created"
2025-02-16 21:56:16,177 - INFO - HTTP Request: POST https://wdibahzeizsqpwrhcsnv.supabase.co/rest/v1/option_analysis?columns=%22discrimination_index%22%2C%22option_id%22%2C%22selection_rate%22%2C%22rpbis%22%2C%22exam_id%22 "HTTP/2 201 Created"
2025-02-16 21:56:16,297 - INFO - HTTP Request: POST https://wdibahzeizsqpwrhcsnv.supabase.co/rest/v1/options?columns=%22content%22%2C%22question_id%22 "HTTP/2 201 Created"
2025-02-16 21:56:16,425 - INFO - HTTP Request: POST https://wdibahzeizsqpwrhcsnv.supabase.co/rest/v1/option_analysis?columns=%22discrimination_index%22%2C%22option_id%22%2C%22selection_rate%22%2C%22rpbis%22%2C%22exam_id%22 "HTTP/2 201 Created"
2025-02-16 21:56:16,611 - INFO - HTTP Request: POST https://wdibahzeizsqpwrhcsnv.supabase.co/rest/v1/options?columns=%22content%22%2C%22question_id%22 "HTTP/2 201 Created"
2025-02-16 21:56:16,742 - INFO - HTTP Request: POST https://wdibahzeizsqpwrhcsnv.supabase.co/rest/v1/option_analysis?columns=%22discrimination_index%22%2C%22option_id%22%2C%22selection_rate%22%2C%22rpbis%22%2C%22exam_id%22 "HTTP/2 201 Created"
2025-02-16 21:56:16,868 - INFO - HTTP Request: PATCH https://wdibahzeizsqpwrhcsnv.supabase.co/rest/v1/questions?id=eq.900 "HTTP/2 200 OK"
2025-02-16 21:56:16,997 - INFO - HTTP Request: POST https://wdibahzeizsqpwrhcsnv.supabase.co/rest/v1/questions?columns=%22exam_id%22%2C%22content%22%2C%22correct_option_id%22 "HTTP/2 201 Created"
2025-02-16 21:56:17,208 - INFO - HTTP Request: POST https://wdibahzeizsqpwrhcsnv.supabase.co/rest/v1/question_analysis?columns=%22difficulty_index%22%2C%22discrimination_index%22%2C%22rpbis%22%2C%22question_id%22%2C%22exam_id%22 "HTTP/2 201 Created"
2025-02-16 21:56:17,332 - INFO - HTTP Request: POST https://wdibahzeizsqpwrhcsnv.supabase.co/rest/v1/options?columns=%22content%22%2C%22question_id%22 "HTTP/2 201 Created"
2025-02-16 21:56:17,464 - INFO - HTTP Request: POST https://wdibahzeizsqpwrhcsnv.supabase.co/rest/v1/option_analysis?columns=%22discrimination_index%22%2C%22option_id%22%2C%22selection_rate%22%2C%22rpbis%22%2C%22exam_id%22 "HTTP/2 201 Created"
2025-02-16 21:56:17,610 - INFO - HTTP Request: POST https://wdibahzeizsqpwrhcsnv.supabase.co/rest/v1/options?columns=%22content%22%2C%22question_id%22 "HTTP/2 201 Created"
2025-02-16 21:56:17,765 - INFO - HTTP Request: POST https://wdibahzeizsqpwrhcsnv.supabase.co/rest/v1/option_analysis?columns=%22discrimination_index%22%2C%22option_id%22%2C%22selection_rate%22%2C%22rpbis%22%2C%22exam_id%22 "HTTP/2 201 Created"
2025-02-16 21:56:17,899 - INFO - HTTP Request: POST https://wdibahzeizsqpwrhcsnv.supabase.co/rest/v1/options?columns=%22content%22%2C%22question_id%22 "HTTP/2 201 Created"
2025-02-16 21:56:18,028 - INFO - HTTP Request: POST https://wdibahzeizsqpwrhcsnv.supabase.co/rest/v1/option_analysis?columns=%22discrimination_index%22%2C%22option_id%22%2C%22selection_rate%22%2C%22rpbis%22%2C%22exam_id%22 "HTTP/2 201 Created"
2025-02-16 21:56:18,147 - INFO - HTTP Request: POST https://wdibahzeizsqpwrhcsnv.supabase.co/rest/v1/options?columns=%22content%22%2C%22question_id%22 "HTTP/2 201 Created"
2025-02-16 21:56:18,278 - INFO - HTTP Request: POST https://wdibahzeizsqpwrhcsnv.supabase.co/rest/v1/option_analysis?columns=%22discrimination_index%22%2C%22option_id%22%2C%22selection_rate%22%2C%22rpbis%22%2C%22exam_id%22 "HTTP/2 201 Created"
2025-02-16 21:56:18,466 - INFO - HTTP Request: PATCH https://wdibahzeizsqpwrhcsnv.supabase.co/rest/v1/questions?id=eq.901 "HTTP/2 200 OK"
2025-02-16 21:56:18,593 - INFO - HTTP Request: POST https://wdibahzeizsqpwrhcsnv.supabase.co/rest/v1/questions?columns=%22exam_id%22%2C%22content%22%2C%22correct_option_id%22 "HTTP/2 201 Created"
2025-02-16 21:56:18,728 - INFO - HTTP Request: POST https://wdibahzeizsqpwrhcsnv.supabase.co/rest/v1/question_analysis?columns=%22difficulty_index%22%2C%22discrimination_index%22%2C%22rpbis%22%2C%22question_id%22%2C%22exam_id%22 "HTTP/2 201 Created"
2025-02-16 21:56:18,853 - INFO - HTTP Request: POST https://wdibahzeizsqpwrhcsnv.supabase.co/rest/v1/options?columns=%22content%22%2C%22question_id%22 "HTTP/2 201 Created"
2025-02-16 21:56:18,979 - INFO - HTTP Request: POST https://wdibahzeizsqpwrhcsnv.supabase.co/rest/v1/option_analysis?columns=%22discrimination_index%22%2C%22option_id%22%2C%22selection_rate%22%2C%22rpbis%22%2C%22exam_id%22 "HTTP/2 201 Created"
2025-02-16 21:56:19,106 - INFO - HTTP Request: POST https://wdibahzeizsqpwrhcsnv.supabase.co/rest/v1/options?columns=%22content%22%2C%22question_id%22 "HTTP/2 201 Created"
2025-02-16 21:56:19,243 - INFO - HTTP Request: POST https://wdibahzeizsqpwrhcsnv.supabase.co/rest/v1/option_analysis?columns=%22discrimination_index%22%2C%22option_id%22%2C%22selection_rate%22%2C%22rpbis%22%2C%22exam_id%22 "HTTP/2 201 Created"
2025-02-16 21:56:19,365 - INFO - HTTP Request: POST https://wdibahzeizsqpwrhcsnv.supabase.co/rest/v1/options?columns=%22content%22%2C%22question_id%22 "HTTP/2 201 Created"
2025-02-16 21:56:19,496 - INFO - HTTP Request: POST https://wdibahzeizsqpwrhcsnv.supabase.co/rest/v1/option_analysis?columns=%22discrimination_index%22%2C%22option_id%22%2C%22selection_rate%22%2C%22rpbis%22%2C%22exam_id%22 "HTTP/2 201 Created"
2025-02-16 21:56:19,629 - INFO - HTTP Request: POST https://wdibahzeizsqpwrhcsnv.supabase.co/rest/v1/options?columns=%22content%22%2C%22question_id%22 "HTTP/2 201 Created"
2025-02-16 21:56:19,801 - INFO - HTTP Request: POST https://wdibahzeizsqpwrhcsnv.supabase.co/rest/v1/option_analysis?columns=%22discrimination_index%22%2C%22option_id%22%2C%22selection_rate%22%2C%22rpbis%22%2C%22exam_id%22 "HTTP/2 201 Created"
2025-02-16 21:56:20,019 - INFO - HTTP Request: PATCH https://wdibahzeizsqpwrhcsnv.supabase.co/rest/v1/questions?id=eq.902 "HTTP/2 200 OK"
2025-02-16 21:56:20,139 - INFO - HTTP Request: POST https://wdibahzeizsqpwrhcsnv.supabase.co/rest/v1/questions?columns=%22exam_id%22%2C%22content%22%2C%22correct_option_id%22 "HTTP/2 201 Created"
2025-02-16 21:56:20,260 - INFO - HTTP Request: POST https://wdibahzeizsqpwrhcsnv.supabase.co/rest/v1/question_analysis?columns=%22difficulty_index%22%2C%22discrimination_index%22%2C%22rpbis%22%2C%22question_id%22%2C%22exam_id%22 "HTTP/2 201 Created"
2025-02-16 21:56:20,432 - INFO - HTTP Request: POST https://wdibahzeizsqpwrhcsnv.supabase.co/rest/v1/options?columns=%22content%22%2C%22question_id%22 "HTTP/2 201 Created"
2025-02-16 21:56:20,568 - INFO - HTTP Request: POST https://wdibahzeizsqpwrhcsnv.supabase.co/rest/v1/option_analysis?columns=%22discrimination_index%22%2C%22option_id%22%2C%22selection_rate%22%2C%22rpbis%22%2C%22exam_id%22 "HTTP/2 201 Created"
2025-02-16 21:56:20,702 - INFO - HTTP Request: POST https://wdibahzeizsqpwrhcsnv.supabase.co/rest/v1/options?columns=%22content%22%2C%22question_id%22 "HTTP/2 201 Created"
2025-02-16 21:56:20,836 - INFO - HTTP Request: POST https://wdibahzeizsqpwrhcsnv.supabase.co/rest/v1/option_analysis?columns=%22discrimination_index%22%2C%22option_id%22%2C%22selection_rate%22%2C%22rpbis%22%2C%22exam_id%22 "HTTP/2 201 Created"
2025-02-16 21:56:20,962 - INFO - HTTP Request: POST https://wdibahzeizsqpwrhcsnv.supabase.co/rest/v1/options?columns=%22content%22%2C%22question_id%22 "HTTP/2 201 Created"
2025-02-16 21:56:21,102 - INFO - HTTP Request: POST https://wdibahzeizsqpwrhcsnv.supabase.co/rest/v1/option_analysis?columns=%22discrimination_index%22%2C%22option_id%22%2C%22selection_rate%22%2C%22rpbis%22%2C%22exam_id%22 "HTTP/2 201 Created"
2025-02-16 21:56:21,279 - INFO - HTTP Request: POST https://wdibahzeizsqpwrhcsnv.supabase.co/rest/v1/options?columns=%22content%22%2C%22question_id%22 "HTTP/2 201 Created"
2025-02-16 21:56:21,407 - INFO - HTTP Request: POST https://wdibahzeizsqpwrhcsnv.supabase.co/rest/v1/option_analysis?columns=%22discrimination_index%22%2C%22option_id%22%2C%22selection_rate%22%2C%22rpbis%22%2C%22exam_id%22 "HTTP/2 201 Created"
2025-02-16 21:56:21,532 - INFO - HTTP Request: PATCH https://wdibahzeizsqpwrhcsnv.supabase.co/rest/v1/questions?id=eq.903 "HTTP/2 200 OK"
2025-02-16 21:56:21,667 - INFO - HTTP Request: POST https://wdibahzeizsqpwrhcsnv.supabase.co/rest/v1/questions?columns=%22exam_id%22%2C%22content%22%2C%22correct_option_id%22 "HTTP/2 201 Created"
2025-02-16 21:56:21,810 - INFO - HTTP Request: POST https://wdibahzeizsqpwrhcsnv.supabase.co/rest/v1/question_analysis?columns=%22difficulty_index%22%2C%22discrimination_index%22%2C%22rpbis%22%2C%22question_id%22%2C%22exam_id%22 "HTTP/2 201 Created"
2025-02-16 21:56:21,925 - INFO - HTTP Request: POST https://wdibahzeizsqpwrhcsnv.supabase.co/rest/v1/options?columns=%22content%22%2C%22question_id%22 "HTTP/2 201 Created"
2025-02-16 21:56:22,048 - INFO - HTTP Request: POST https://wdibahzeizsqpwrhcsnv.supabase.co/rest/v1/option_analysis?columns=%22discrimination_index%22%2C%22option_id%22%2C%22selection_rate%22%2C%22rpbis%22%2C%22exam_id%22 "HTTP/2 201 Created"
2025-02-16 21:56:22,179 - INFO - HTTP Request: POST https://wdibahzeizsqpwrhcsnv.supabase.co/rest/v1/options?columns=%22content%22%2C%22question_id%22 "HTTP/2 201 Created"
2025-02-16 21:56:22,360 - INFO - HTTP Request: POST https://wdibahzeizsqpwrhcsnv.supabase.co/rest/v1/option_analysis?columns=%22discrimination_index%22%2C%22option_id%22%2C%22selection_rate%22%2C%22rpbis%22%2C%22exam_id%22 "HTTP/2 201 Created"
2025-02-16 21:56:22,545 - INFO - HTTP Request: POST https://wdibahzeizsqpwrhcsnv.supabase.co/rest/v1/options?columns=%22content%22%2C%22question_id%22 "HTTP/2 201 Created"
2025-02-16 21:56:22,671 - INFO - HTTP Request: POST https://wdibahzeizsqpwrhcsnv.supabase.co/rest/v1/option_analysis?columns=%22discrimination_index%22%2C%22option_id%22%2C%22selection_rate%22%2C%22rpbis%22%2C%22exam_id%22 "HTTP/2 201 Created"
2025-02-16 21:56:22,808 - INFO - HTTP Request: POST https://wdibahzeizsqpwrhcsnv.supabase.co/rest/v1/options?columns=%22content%22%2C%22question_id%22 "HTTP/2 201 Created"
2025-02-16 21:56:22,933 - INFO - HTTP Request: POST https://wdibahzeizsqpwrhcsnv.supabase.co/rest/v1/option_analysis?columns=%22discrimination_index%22%2C%22option_id%22%2C%22selection_rate%22%2C%22rpbis%22%2C%22exam_id%22 "HTTP/2 201 Created"
2025-02-16 21:56:23,057 - INFO - HTTP Request: PATCH https://wdibahzeizsqpwrhcsnv.supabase.co/rest/v1/questions?id=eq.904 "HTTP/2 200 OK"
2025-02-16 21:56:23,229 - INFO - HTTP Request: POST https://wdibahzeizsqpwrhcsnv.supabase.co/rest/v1/questions?columns=%22exam_id%22%2C%22content%22%2C%22correct_option_id%22 "HTTP/2 201 Created"
2025-02-16 21:56:23,352 - INFO - HTTP Request: POST https://wdibahzeizsqpwrhcsnv.supabase.co/rest/v1/question_analysis?columns=%22difficulty_index%22%2C%22discrimination_index%22%2C%22rpbis%22%2C%22question_id%22%2C%22exam_id%22 "HTTP/2 201 Created"
2025-02-16 21:56:23,477 - INFO - HTTP Request: POST https://wdibahzeizsqpwrhcsnv.supabase.co/rest/v1/options?columns=%22content%22%2C%22question_id%22 "HTTP/2 201 Created"
2025-02-16 21:56:23,630 - INFO - HTTP Request: POST https://wdibahzeizsqpwrhcsnv.supabase.co/rest/v1/option_analysis?columns=%22discrimination_index%22%2C%22option_id%22%2C%22selection_rate%22%2C%22rpbis%22%2C%22exam_id%22 "HTTP/2 201 Created"
2025-02-16 21:56:23,776 - INFO - HTTP Request: POST https://wdibahzeizsqpwrhcsnv.supabase.co/rest/v1/options?columns=%22content%22%2C%22question_id%22 "HTTP/2 201 Created"
2025-02-16 21:56:23,894 - INFO - HTTP Request: POST https://wdibahzeizsqpwrhcsnv.supabase.co/rest/v1/option_analysis?columns=%22discrimination_index%22%2C%22option_id%22%2C%22selection_rate%22%2C%22rpbis%22%2C%22exam_id%22 "HTTP/2 201 Created"
2025-02-16 21:56:24,087 - INFO - HTTP Request: POST https://wdibahzeizsqpwrhcsnv.supabase.co/rest/v1/options?columns=%22content%22%2C%22question_id%22 "HTTP/2 201 Created"
2025-02-16 21:56:24,217 - INFO - HTTP Request: POST https://wdibahzeizsqpwrhcsnv.supabase.co/rest/v1/option_analysis?columns=%22discrimination_index%22%2C%22option_id%22%2C%22selection_rate%22%2C%22rpbis%22%2C%22exam_id%22 "HTTP/2 201 Created"
2025-02-16 21:56:24,345 - INFO - HTTP Request: POST https://wdibahzeizsqpwrhcsnv.supabase.co/rest/v1/options?columns=%22content%22%2C%22question_id%22 "HTTP/2 201 Created"
2025-02-16 21:56:24,477 - INFO - HTTP Request: POST https://wdibahzeizsqpwrhcsnv.supabase.co/rest/v1/option_analysis?columns=%22discrimination_index%22%2C%22option_id%22%2C%22selection_rate%22%2C%22rpbis%22%2C%22exam_id%22 "HTTP/2 201 Created"
2025-02-16 21:56:24,601 - INFO - HTTP Request: PATCH https://wdibahzeizsqpwrhcsnv.supabase.co/rest/v1/questions?id=eq.905 "HTTP/2 200 OK"
2025-02-16 21:56:24,735 - INFO - HTTP Request: POST https://wdibahzeizsqpwrhcsnv.supabase.co/rest/v1/questions?columns=%22exam_id%22%2C%22content%22%2C%22correct_option_id%22 "HTTP/2 201 Created"
2025-02-16 21:56:24,899 - INFO - HTTP Request: POST https://wdibahzeizsqpwrhcsnv.supabase.co/rest/v1/question_analysis?columns=%22difficulty_index%22%2C%22discrimination_index%22%2C%22rpbis%22%2C%22question_id%22%2C%22exam_id%22 "HTTP/2 201 Created"
2025-02-16 21:56:25,048 - INFO - HTTP Request: POST https://wdibahzeizsqpwrhcsnv.supabase.co/rest/v1/options?columns=%22content%22%2C%22question_id%22 "HTTP/2 201 Created"
2025-02-16 21:56:25,181 - INFO - HTTP Request: POST https://wdibahzeizsqpwrhcsnv.supabase.co/rest/v1/option_analysis?columns=%22discrimination_index%22%2C%22option_id%22%2C%22selection_rate%22%2C%22rpbis%22%2C%22exam_id%22 "HTTP/2 201 Created"
2025-02-16 21:56:25,320 - INFO - HTTP Request: POST https://wdibahzeizsqpwrhcsnv.supabase.co/rest/v1/options?columns=%22content%22%2C%22question_id%22 "HTTP/2 201 Created"
2025-02-16 21:56:25,454 - INFO - HTTP Request: POST https://wdibahzeizsqpwrhcsnv.supabase.co/rest/v1/option_analysis?columns=%22discrimination_index%22%2C%22option_id%22%2C%22selection_rate%22%2C%22rpbis%22%2C%22exam_id%22 "HTTP/2 201 Created"
2025-02-16 21:56:25,578 - INFO - HTTP Request: POST https://wdibahzeizsqpwrhcsnv.supabase.co/rest/v1/options?columns=%22content%22%2C%22question_id%22 "HTTP/2 201 Created"
2025-02-16 21:56:25,707 - INFO - HTTP Request: POST https://wdibahzeizsqpwrhcsnv.supabase.co/rest/v1/option_analysis?columns=%22discrimination_index%22%2C%22option_id%22%2C%22selection_rate%22%2C%22rpbis%22%2C%22exam_id%22 "HTTP/2 201 Created"
2025-02-16 21:56:25,864 - INFO - HTTP Request: POST https://wdibahzeizsqpwrhcsnv.supabase.co/rest/v1/options?columns=%22content%22%2C%22question_id%22 "HTTP/2 201 Created"
2025-02-16 21:56:26,086 - INFO - HTTP Request: POST https://wdibahzeizsqpwrhcsnv.supabase.co/rest/v1/option_analysis?columns=%22discrimination_index%22%2C%22option_id%22%2C%22selection_rate%22%2C%22rpbis%22%2C%22exam_id%22 "HTTP/2 201 Created"
2025-02-16 21:56:26,215 - INFO - HTTP Request: PATCH https://wdibahzeizsqpwrhcsnv.supabase.co/rest/v1/questions?id=eq.906 "HTTP/2 200 OK"
2025-02-16 21:56:26,341 - INFO - HTTP Request: POST https://wdibahzeizsqpwrhcsnv.supabase.co/rest/v1/questions?columns=%22exam_id%22%2C%22content%22%2C%22correct_option_id%22 "HTTP/2 201 Created"
2025-02-16 21:56:26,487 - INFO - HTTP Request: POST https://wdibahzeizsqpwrhcsnv.supabase.co/rest/v1/question_analysis?columns=%22difficulty_index%22%2C%22discrimination_index%22%2C%22rpbis%22%2C%22question_id%22%2C%22exam_id%22 "HTTP/2 201 Created"
2025-02-16 21:56:26,623 - INFO - HTTP Request: POST https://wdibahzeizsqpwrhcsnv.supabase.co/rest/v1/options?columns=%22content%22%2C%22question_id%22 "HTTP/2 201 Created"
2025-02-16 21:56:26,743 - INFO - HTTP Request: POST https://wdibahzeizsqpwrhcsnv.supabase.co/rest/v1/option_analysis?columns=%22discrimination_index%22%2C%22option_id%22%2C%22selection_rate%22%2C%22rpbis%22%2C%22exam_id%22 "HTTP/2 201 Created"
2025-02-16 21:56:26,868 - INFO - HTTP Request: POST https://wdibahzeizsqpwrhcsnv.supabase.co/rest/v1/options?columns=%22content%22%2C%22question_id%22 "HTTP/2 201 Created"
2025-02-16 21:56:26,989 - INFO - HTTP Request: POST https://wdibahzeizsqpwrhcsnv.supabase.co/rest/v1/option_analysis?columns=%22discrimination_index%22%2C%22option_id%22%2C%22selection_rate%22%2C%22rpbis%22%2C%22exam_id%22 "HTTP/2 201 Created"
2025-02-16 21:56:27,126 - INFO - HTTP Request: POST https://wdibahzeizsqpwrhcsnv.supabase.co/rest/v1/options?columns=%22content%22%2C%22question_id%22 "HTTP/2 201 Created"
2025-02-16 21:56:27,296 - INFO - HTTP Request: POST https://wdibahzeizsqpwrhcsnv.supabase.co/rest/v1/option_analysis?columns=%22discrimination_index%22%2C%22option_id%22%2C%22selection_rate%22%2C%22rpbis%22%2C%22exam_id%22 "HTTP/2 201 Created"
2025-02-16 21:56:27,476 - INFO - HTTP Request: POST https://wdibahzeizsqpwrhcsnv.supabase.co/rest/v1/options?columns=%22content%22%2C%22question_id%22 "HTTP/2 201 Created"
2025-02-16 21:56:27,617 - INFO - HTTP Request: POST https://wdibahzeizsqpwrhcsnv.supabase.co/rest/v1/option_analysis?columns=%22discrimination_index%22%2C%22option_id%22%2C%22selection_rate%22%2C%22rpbis%22%2C%22exam_id%22 "HTTP/2 201 Created"
2025-02-16 21:56:27,757 - INFO - HTTP Request: PATCH https://wdibahzeizsqpwrhcsnv.supabase.co/rest/v1/questions?id=eq.907 "HTTP/2 200 OK"
2025-02-16 21:56:27,894 - INFO - HTTP Request: POST https://wdibahzeizsqpwrhcsnv.supabase.co/rest/v1/questions?columns=%22exam_id%22%2C%22content%22%2C%22correct_option_id%22 "HTTP/2 201 Created"
2025-02-16 21:56:28,033 - INFO - HTTP Request: POST https://wdibahzeizsqpwrhcsnv.supabase.co/rest/v1/question_analysis?columns=%22difficulty_index%22%2C%22discrimination_index%22%2C%22rpbis%22%2C%22question_id%22%2C%22exam_id%22 "HTTP/2 201 Created"
2025-02-16 21:56:28,159 - INFO - HTTP Request: POST https://wdibahzeizsqpwrhcsnv.supabase.co/rest/v1/options?columns=%22content%22%2C%22question_id%22 "HTTP/2 201 Created"
2025-02-16 21:56:28,283 - INFO - HTTP Request: POST https://wdibahzeizsqpwrhcsnv.supabase.co/rest/v1/option_analysis?columns=%22discrimination_index%22%2C%22option_id%22%2C%22selection_rate%22%2C%22rpbis%22%2C%22exam_id%22 "HTTP/2 201 Created"
2025-02-16 21:56:28,426 - INFO - HTTP Request: POST https://wdibahzeizsqpwrhcsnv.supabase.co/rest/v1/options?columns=%22content%22%2C%22question_id%22 "HTTP/2 201 Created"
2025-02-16 21:56:28,590 - INFO - HTTP Request: POST https://wdibahzeizsqpwrhcsnv.supabase.co/rest/v1/option_analysis?columns=%22discrimination_index%22%2C%22option_id%22%2C%22selection_rate%22%2C%22rpbis%22%2C%22exam_id%22 "HTTP/2 201 Created"
2025-02-16 21:56:28,775 - INFO - HTTP Request: POST https://wdibahzeizsqpwrhcsnv.supabase.co/rest/v1/options?columns=%22content%22%2C%22question_id%22 "HTTP/2 201 Created"
2025-02-16 21:56:28,947 - INFO - HTTP Request: POST https://wdibahzeizsqpwrhcsnv.supabase.co/rest/v1/option_analysis?columns=%22discrimination_index%22%2C%22option_id%22%2C%22selection_rate%22%2C%22rpbis%22%2C%22exam_id%22 "HTTP/2 201 Created"
2025-02-16 21:56:29,079 - INFO - HTTP Request: POST https://wdibahzeizsqpwrhcsnv.supabase.co/rest/v1/options?columns=%22content%22%2C%22question_id%22 "HTTP/2 201 Created"
2025-02-16 21:56:29,221 - INFO - HTTP Request: POST https://wdibahzeizsqpwrhcsnv.supabase.co/rest/v1/option_analysis?columns=%22discrimination_index%22%2C%22option_id%22%2C%22selection_rate%22%2C%22rpbis%22%2C%22exam_id%22 "HTTP/2 201 Created"
2025-02-16 21:56:29,339 - INFO - HTTP Request: PATCH https://wdibahzeizsqpwrhcsnv.supabase.co/rest/v1/questions?id=eq.908 "HTTP/2 200 OK"
2025-02-16 21:56:29,506 - INFO - HTTP Request: POST https://wdibahzeizsqpwrhcsnv.supabase.co/rest/v1/questions?columns=%22exam_id%22%2C%22content%22%2C%22correct_option_id%22 "HTTP/2 201 Created"
2025-02-16 21:56:29,632 - INFO - HTTP Request: POST https://wdibahzeizsqpwrhcsnv.supabase.co/rest/v1/question_analysis?columns=%22difficulty_index%22%2C%22discrimination_index%22%2C%22rpbis%22%2C%22question_id%22%2C%22exam_id%22 "HTTP/2 201 Created"
2025-02-16 21:56:29,767 - INFO - HTTP Request: POST https://wdibahzeizsqpwrhcsnv.supabase.co/rest/v1/options?columns=%22content%22%2C%22question_id%22 "HTTP/2 201 Created"
2025-02-16 21:56:29,925 - INFO - HTTP Request: POST https://wdibahzeizsqpwrhcsnv.supabase.co/rest/v1/option_analysis?columns=%22discrimination_index%22%2C%22option_id%22%2C%22selection_rate%22%2C%22rpbis%22%2C%22exam_id%22 "HTTP/2 201 Created"
2025-02-16 21:56:30,053 - INFO - HTTP Request: POST https://wdibahzeizsqpwrhcsnv.supabase.co/rest/v1/options?columns=%22content%22%2C%22question_id%22 "HTTP/2 201 Created"
2025-02-16 21:56:30,226 - INFO - HTTP Request: POST https://wdibahzeizsqpwrhcsnv.supabase.co/rest/v1/option_analysis?columns=%22discrimination_index%22%2C%22option_id%22%2C%22selection_rate%22%2C%22rpbis%22%2C%22exam_id%22 "HTTP/2 201 Created"
2025-02-16 21:56:30,367 - INFO - HTTP Request: POST https://wdibahzeizsqpwrhcsnv.supabase.co/rest/v1/options?columns=%22content%22%2C%22question_id%22 "HTTP/2 201 Created"
2025-02-16 21:56:30,510 - INFO - HTTP Request: POST https://wdibahzeizsqpwrhcsnv.supabase.co/rest/v1/option_analysis?columns=%22discrimination_index%22%2C%22option_id%22%2C%22selection_rate%22%2C%22rpbis%22%2C%22exam_id%22 "HTTP/2 201 Created"
2025-02-16 21:56:30,690 - INFO - HTTP Request: POST https://wdibahzeizsqpwrhcsnv.supabase.co/rest/v1/options?columns=%22content%22%2C%22question_id%22 "HTTP/2 201 Created"
2025-02-16 21:56:30,815 - INFO - HTTP Request: POST https://wdibahzeizsqpwrhcsnv.supabase.co/rest/v1/option_analysis?columns=%22discrimination_index%22%2C%22option_id%22%2C%22selection_rate%22%2C%22rpbis%22%2C%22exam_id%22 "HTTP/2 201 Created"
2025-02-16 21:56:30,943 - INFO - HTTP Request: PATCH https://wdibahzeizsqpwrhcsnv.supabase.co/rest/v1/questions?id=eq.909 "HTTP/2 200 OK"
2025-02-16 21:56:31,079 - INFO - HTTP Request: POST https://wdibahzeizsqpwrhcsnv.supabase.co/rest/v1/questions?columns=%22exam_id%22%2C%22content%22%2C%22correct_option_id%22 "HTTP/2 201 Created"
2025-02-16 21:56:31,215 - INFO - HTTP Request: POST https://wdibahzeizsqpwrhcsnv.supabase.co/rest/v1/question_analysis?columns=%22difficulty_index%22%2C%22discrimination_index%22%2C%22rpbis%22%2C%22question_id%22%2C%22exam_id%22 "HTTP/2 201 Created"
2025-02-16 21:56:31,355 - INFO - HTTP Request: POST https://wdibahzeizsqpwrhcsnv.supabase.co/rest/v1/options?columns=%22content%22%2C%22question_id%22 "HTTP/2 201 Created"
2025-02-16 21:56:31,498 - INFO - HTTP Request: POST https://wdibahzeizsqpwrhcsnv.supabase.co/rest/v1/option_analysis?columns=%22discrimination_index%22%2C%22option_id%22%2C%22selection_rate%22%2C%22rpbis%22%2C%22exam_id%22 "HTTP/2 201 Created"
2025-02-16 21:56:31,634 - INFO - HTTP Request: POST https://wdibahzeizsqpwrhcsnv.supabase.co/rest/v1/options?columns=%22content%22%2C%22question_id%22 "HTTP/2 201 Created"
2025-02-16 21:56:31,769 - INFO - HTTP Request: POST https://wdibahzeizsqpwrhcsnv.supabase.co/rest/v1/option_analysis?columns=%22discrimination_index%22%2C%22option_id%22%2C%22selection_rate%22%2C%22rpbis%22%2C%22exam_id%22 "HTTP/2 201 Created"
2025-02-16 21:56:31,896 - INFO - HTTP Request: POST https://wdibahzeizsqpwrhcsnv.supabase.co/rest/v1/options?columns=%22content%22%2C%22question_id%22 "HTTP/2 201 Created"
2025-02-16 21:56:32,020 - INFO - HTTP Request: POST https://wdibahzeizsqpwrhcsnv.supabase.co/rest/v1/option_analysis?columns=%22discrimination_index%22%2C%22option_id%22%2C%22selection_rate%22%2C%22rpbis%22%2C%22exam_id%22 "HTTP/2 201 Created"
2025-02-16 21:56:32,154 - INFO - HTTP Request: POST https://wdibahzeizsqpwrhcsnv.supabase.co/rest/v1/options?columns=%22content%22%2C%22question_id%22 "HTTP/2 201 Created"
2025-02-16 21:56:32,279 - INFO - HTTP Request: POST https://wdibahzeizsqpwrhcsnv.supabase.co/rest/v1/option_analysis?columns=%22discrimination_index%22%2C%22option_id%22%2C%22selection_rate%22%2C%22rpbis%22%2C%22exam_id%22 "HTTP/2 201 Created"
2025-02-16 21:56:32,422 - INFO - HTTP Request: PATCH https://wdibahzeizsqpwrhcsnv.supabase.co/rest/v1/questions?id=eq.910 "HTTP/2 200 OK"
2025-02-16 21:56:32,540 - INFO - HTTP Request: POST https://wdibahzeizsqpwrhcsnv.supabase.co/rest/v1/questions?columns=%22exam_id%22%2C%22content%22%2C%22correct_option_id%22 "HTTP/2 201 Created"
2025-02-16 21:56:32,675 - INFO - HTTP Request: POST https://wdibahzeizsqpwrhcsnv.supabase.co/rest/v1/question_analysis?columns=%22difficulty_index%22%2C%22discrimination_index%22%2C%22rpbis%22%2C%22question_id%22%2C%22exam_id%22 "HTTP/2 201 Created"
2025-02-16 21:56:32,802 - INFO - HTTP Request: POST https://wdibahzeizsqpwrhcsnv.supabase.co/rest/v1/options?columns=%22content%22%2C%22question_id%22 "HTTP/2 201 Created"
2025-02-16 21:56:32,967 - INFO - HTTP Request: POST https://wdibahzeizsqpwrhcsnv.supabase.co/rest/v1/option_analysis?columns=%22discrimination_index%22%2C%22option_id%22%2C%22selection_rate%22%2C%22rpbis%22%2C%22exam_id%22 "HTTP/2 201 Created"
2025-02-16 21:56:33,116 - INFO - HTTP Request: POST https://wdibahzeizsqpwrhcsnv.supabase.co/rest/v1/options?columns=%22content%22%2C%22question_id%22 "HTTP/2 201 Created"
2025-02-16 21:56:33,252 - INFO - HTTP Request: POST https://wdibahzeizsqpwrhcsnv.supabase.co/rest/v1/option_analysis?columns=%22discrimination_index%22%2C%22option_id%22%2C%22selection_rate%22%2C%22rpbis%22%2C%22exam_id%22 "HTTP/2 201 Created"
2025-02-16 21:56:33,431 - INFO - HTTP Request: POST https://wdibahzeizsqpwrhcsnv.supabase.co/rest/v1/options?columns=%22content%22%2C%22question_id%22 "HTTP/2 201 Created"
2025-02-16 21:56:33,565 - INFO - HTTP Request: POST https://wdibahzeizsqpwrhcsnv.supabase.co/rest/v1/option_analysis?columns=%22discrimination_index%22%2C%22option_id%22%2C%22selection_rate%22%2C%22rpbis%22%2C%22exam_id%22 "HTTP/2 201 Created"
2025-02-16 21:56:33,701 - INFO - HTTP Request: POST https://wdibahzeizsqpwrhcsnv.supabase.co/rest/v1/options?columns=%22content%22%2C%22question_id%22 "HTTP/2 201 Created"
2025-02-16 21:56:33,870 - INFO - HTTP Request: POST https://wdibahzeizsqpwrhcsnv.supabase.co/rest/v1/option_analysis?columns=%22discrimination_index%22%2C%22option_id%22%2C%22selection_rate%22%2C%22rpbis%22%2C%22exam_id%22 "HTTP/2 201 Created"
2025-02-16 21:56:34,002 - INFO - HTTP Request: PATCH https://wdibahzeizsqpwrhcsnv.supabase.co/rest/v1/questions?id=eq.911 "HTTP/2 200 OK"
2025-02-16 21:56:34,149 - INFO - HTTP Request: POST https://wdibahzeizsqpwrhcsnv.supabase.co/rest/v1/questions?columns=%22exam_id%22%2C%22content%22%2C%22correct_option_id%22 "HTTP/2 201 Created"
2025-02-16 21:56:34,277 - INFO - HTTP Request: POST https://wdibahzeizsqpwrhcsnv.supabase.co/rest/v1/question_analysis?columns=%22difficulty_index%22%2C%22discrimination_index%22%2C%22rpbis%22%2C%22question_id%22%2C%22exam_id%22 "HTTP/2 201 Created"
2025-02-16 21:56:34,747 - INFO - HTTP Request: POST https://wdibahzeizsqpwrhcsnv.supabase.co/rest/v1/options?columns=%22content%22%2C%22question_id%22 "HTTP/2 201 Created"
2025-02-16 21:56:34,877 - INFO - HTTP Request: POST https://wdibahzeizsqpwrhcsnv.supabase.co/rest/v1/option_analysis?columns=%22discrimination_index%22%2C%22option_id%22%2C%22selection_rate%22%2C%22rpbis%22%2C%22exam_id%22 "HTTP/2 201 Created"
2025-02-16 21:56:35,006 - INFO - HTTP Request: POST https://wdibahzeizsqpwrhcsnv.supabase.co/rest/v1/options?columns=%22content%22%2C%22question_id%22 "HTTP/2 201 Created"
2025-02-16 21:56:35,157 - INFO - HTTP Request: POST https://wdibahzeizsqpwrhcsnv.supabase.co/rest/v1/option_analysis?columns=%22discrimination_index%22%2C%22option_id%22%2C%22selection_rate%22%2C%22rpbis%22%2C%22exam_id%22 "HTTP/2 201 Created"
2025-02-16 21:56:35,360 - INFO - HTTP Request: POST https://wdibahzeizsqpwrhcsnv.supabase.co/rest/v1/options?columns=%22content%22%2C%22question_id%22 "HTTP/2 201 Created"
2025-02-16 21:56:35,500 - INFO - HTTP Request: POST https://wdibahzeizsqpwrhcsnv.supabase.co/rest/v1/option_analysis?columns=%22discrimination_index%22%2C%22option_id%22%2C%22selection_rate%22%2C%22rpbis%22%2C%22exam_id%22 "HTTP/2 201 Created"
2025-02-16 21:56:35,631 - INFO - HTTP Request: POST https://wdibahzeizsqpwrhcsnv.supabase.co/rest/v1/options?columns=%22content%22%2C%22question_id%22 "HTTP/2 201 Created"
2025-02-16 21:56:35,798 - INFO - HTTP Request: POST https://wdibahzeizsqpwrhcsnv.supabase.co/rest/v1/option_analysis?columns=%22discrimination_index%22%2C%22option_id%22%2C%22selection_rate%22%2C%22rpbis%22%2C%22exam_id%22 "HTTP/2 201 Created"
2025-02-16 21:56:35,937 - INFO - HTTP Request: PATCH https://wdibahzeizsqpwrhcsnv.supabase.co/rest/v1/questions?id=eq.912 "HTTP/2 200 OK"
2025-02-16 21:56:36,063 - INFO - HTTP Request: POST https://wdibahzeizsqpwrhcsnv.supabase.co/rest/v1/questions?columns=%22exam_id%22%2C%22content%22%2C%22correct_option_id%22 "HTTP/2 201 Created"
2025-02-16 21:56:36,203 - INFO - HTTP Request: POST https://wdibahzeizsqpwrhcsnv.supabase.co/rest/v1/question_analysis?columns=%22difficulty_index%22%2C%22discrimination_index%22%2C%22rpbis%22%2C%22question_id%22%2C%22exam_id%22 "HTTP/2 201 Created"
2025-02-16 21:56:36,355 - INFO - HTTP Request: POST https://wdibahzeizsqpwrhcsnv.supabase.co/rest/v1/options?columns=%22content%22%2C%22question_id%22 "HTTP/2 201 Created"
2025-02-16 21:56:36,526 - INFO - HTTP Request: POST https://wdibahzeizsqpwrhcsnv.supabase.co/rest/v1/option_analysis?columns=%22discrimination_index%22%2C%22option_id%22%2C%22selection_rate%22%2C%22rpbis%22%2C%22exam_id%22 "HTTP/2 201 Created"
2025-02-16 21:56:36,653 - INFO - HTTP Request: POST https://wdibahzeizsqpwrhcsnv.supabase.co/rest/v1/options?columns=%22content%22%2C%22question_id%22 "HTTP/2 201 Created"
2025-02-16 21:56:36,792 - INFO - HTTP Request: POST https://wdibahzeizsqpwrhcsnv.supabase.co/rest/v1/option_analysis?columns=%22discrimination_index%22%2C%22option_id%22%2C%22selection_rate%22%2C%22rpbis%22%2C%22exam_id%22 "HTTP/2 201 Created"
2025-02-16 21:56:36,918 - INFO - HTTP Request: POST https://wdibahzeizsqpwrhcsnv.supabase.co/rest/v1/options?columns=%22content%22%2C%22question_id%22 "HTTP/2 201 Created"
2025-02-16 21:56:37,080 - INFO - HTTP Request: POST https://wdibahzeizsqpwrhcsnv.supabase.co/rest/v1/option_analysis?columns=%22discrimination_index%22%2C%22option_id%22%2C%22selection_rate%22%2C%22rpbis%22%2C%22exam_id%22 "HTTP/2 201 Created"
2025-02-16 21:56:37,211 - INFO - HTTP Request: POST https://wdibahzeizsqpwrhcsnv.supabase.co/rest/v1/options?columns=%22content%22%2C%22question_id%22 "HTTP/2 201 Created"
2025-02-16 21:56:37,339 - INFO - HTTP Request: POST https://wdibahzeizsqpwrhcsnv.supabase.co/rest/v1/option_analysis?columns=%22discrimination_index%22%2C%22option_id%22%2C%22selection_rate%22%2C%22rpbis%22%2C%22exam_id%22 "HTTP/2 201 Created"
2025-02-16 21:56:37,489 - INFO - HTTP Request: PATCH https://wdibahzeizsqpwrhcsnv.supabase.co/rest/v1/questions?id=eq.913 "HTTP/2 200 OK"
2025-02-16 21:56:37,641 - INFO - HTTP Request: POST https://wdibahzeizsqpwrhcsnv.supabase.co/rest/v1/questions?columns=%22exam_id%22%2C%22content%22%2C%22correct_option_id%22 "HTTP/2 201 Created"
2025-02-16 21:56:37,771 - INFO - HTTP Request: POST https://wdibahzeizsqpwrhcsnv.supabase.co/rest/v1/question_analysis?columns=%22difficulty_index%22%2C%22discrimination_index%22%2C%22rpbis%22%2C%22question_id%22%2C%22exam_id%22 "HTTP/2 201 Created"
2025-02-16 21:56:37,904 - INFO - HTTP Request: POST https://wdibahzeizsqpwrhcsnv.supabase.co/rest/v1/options?columns=%22content%22%2C%22question_id%22 "HTTP/2 201 Created"
2025-02-16 21:56:38,034 - INFO - HTTP Request: POST https://wdibahzeizsqpwrhcsnv.supabase.co/rest/v1/option_analysis?columns=%22discrimination_index%22%2C%22option_id%22%2C%22selection_rate%22%2C%22rpbis%22%2C%22exam_id%22 "HTTP/2 201 Created"
2025-02-16 21:56:38,165 - INFO - HTTP Request: POST https://wdibahzeizsqpwrhcsnv.supabase.co/rest/v1/options?columns=%22content%22%2C%22question_id%22 "HTTP/2 201 Created"
2025-02-16 21:56:38,302 - INFO - HTTP Request: POST https://wdibahzeizsqpwrhcsnv.supabase.co/rest/v1/option_analysis?columns=%22discrimination_index%22%2C%22option_id%22%2C%22selection_rate%22%2C%22rpbis%22%2C%22exam_id%22 "HTTP/2 201 Created"
2025-02-16 21:56:38,434 - INFO - HTTP Request: POST https://wdibahzeizsqpwrhcsnv.supabase.co/rest/v1/options?columns=%22content%22%2C%22question_id%22 "HTTP/2 201 Created"
2025-02-16 21:56:38,565 - INFO - HTTP Request: POST https://wdibahzeizsqpwrhcsnv.supabase.co/rest/v1/option_analysis?columns=%22discrimination_index%22%2C%22option_id%22%2C%22selection_rate%22%2C%22rpbis%22%2C%22exam_id%22 "HTTP/2 201 Created"
2025-02-16 21:56:38,693 - INFO - HTTP Request: POST https://wdibahzeizsqpwrhcsnv.supabase.co/rest/v1/options?columns=%22content%22%2C%22question_id%22 "HTTP/2 201 Created"
2025-02-16 21:56:38,820 - INFO - HTTP Request: POST https://wdibahzeizsqpwrhcsnv.supabase.co/rest/v1/option_analysis?columns=%22discrimination_index%22%2C%22option_id%22%2C%22selection_rate%22%2C%22rpbis%22%2C%22exam_id%22 "HTTP/2 201 Created"
2025-02-16 21:56:38,941 - INFO - HTTP Request: PATCH https://wdibahzeizsqpwrhcsnv.supabase.co/rest/v1/questions?id=eq.914 "HTTP/2 200 OK"
2025-02-16 21:56:39,083 - INFO - HTTP Request: POST https://wdibahzeizsqpwrhcsnv.supabase.co/rest/v1/questions?columns=%22exam_id%22%2C%22content%22%2C%22correct_option_id%22 "HTTP/2 201 Created"
2025-02-16 21:56:39,214 - INFO - HTTP Request: POST https://wdibahzeizsqpwrhcsnv.supabase.co/rest/v1/question_analysis?columns=%22difficulty_index%22%2C%22discrimination_index%22%2C%22rpbis%22%2C%22question_id%22%2C%22exam_id%22 "HTTP/2 201 Created"
2025-02-16 21:56:39,339 - INFO - HTTP Request: POST https://wdibahzeizsqpwrhcsnv.supabase.co/rest/v1/options?columns=%22content%22%2C%22question_id%22 "HTTP/2 201 Created"
2025-02-16 21:56:39,475 - INFO - HTTP Request: POST https://wdibahzeizsqpwrhcsnv.supabase.co/rest/v1/option_analysis?columns=%22discrimination_index%22%2C%22option_id%22%2C%22selection_rate%22%2C%22rpbis%22%2C%22exam_id%22 "HTTP/2 201 Created"
2025-02-16 21:56:39,659 - INFO - HTTP Request: POST https://wdibahzeizsqpwrhcsnv.supabase.co/rest/v1/options?columns=%22content%22%2C%22question_id%22 "HTTP/2 201 Created"
2025-02-16 21:56:39,782 - INFO - HTTP Request: POST https://wdibahzeizsqpwrhcsnv.supabase.co/rest/v1/option_analysis?columns=%22discrimination_index%22%2C%22option_id%22%2C%22selection_rate%22%2C%22rpbis%22%2C%22exam_id%22 "HTTP/2 201 Created"
2025-02-16 21:56:39,910 - INFO - HTTP Request: POST https://wdibahzeizsqpwrhcsnv.supabase.co/rest/v1/options?columns=%22content%22%2C%22question_id%22 "HTTP/2 201 Created"
2025-02-16 21:56:40,036 - INFO - HTTP Request: POST https://wdibahzeizsqpwrhcsnv.supabase.co/rest/v1/option_analysis?columns=%22discrimination_index%22%2C%22option_id%22%2C%22selection_rate%22%2C%22rpbis%22%2C%22exam_id%22 "HTTP/2 201 Created"
2025-02-16 21:56:40,166 - INFO - HTTP Request: POST https://wdibahzeizsqpwrhcsnv.supabase.co/rest/v1/options?columns=%22content%22%2C%22question_id%22 "HTTP/2 201 Created"
2025-02-16 21:56:40,294 - INFO - HTTP Request: POST https://wdibahzeizsqpwrhcsnv.supabase.co/rest/v1/option_analysis?columns=%22discrimination_index%22%2C%22option_id%22%2C%22selection_rate%22%2C%22rpbis%22%2C%22exam_id%22 "HTTP/2 201 Created"
2025-02-16 21:56:40,477 - INFO - HTTP Request: PATCH https://wdibahzeizsqpwrhcsnv.supabase.co/rest/v1/questions?id=eq.915 "HTTP/2 200 OK"
2025-02-16 21:56:40,624 - INFO - HTTP Request: POST https://wdibahzeizsqpwrhcsnv.supabase.co/rest/v1/student_exam?columns=%22exam_id%22%2C%22last_name%22%2C%22student_id%22%2C%22first_name%22 "HTTP/2 201 Created"
2025-02-16 21:56:40,625 - INFO - Inserting question ID: 1
2025-02-16 21:56:40,761 - INFO - HTTP Request: POST https://wdibahzeizsqpwrhcsnv.supabase.co/rest/v1/student_answer?columns=%22selected_option_index%22%2C%22student_exam_id%22%2C%22selected_option_id%22%2C%22question_id%22%2C%22is_correct%22 "HTTP/2 201 Created"
2025-02-16 21:56:40,762 - INFO - Inserting question ID: 2
2025-02-16 21:56:40,918 - INFO - HTTP Request: POST https://wdibahzeizsqpwrhcsnv.supabase.co/rest/v1/student_answer?columns=%22selected_option_index%22%2C%22student_exam_id%22%2C%22selected_option_id%22%2C%22question_id%22%2C%22is_correct%22 "HTTP/2 201 Created"
2025-02-16 21:56:40,920 - INFO - Inserting question ID: 3
2025-02-16 21:56:41,059 - INFO - HTTP Request: POST https://wdibahzeizsqpwrhcsnv.supabase.co/rest/v1/student_answer?columns=%22selected_option_index%22%2C%22student_exam_id%22%2C%22selected_option_id%22%2C%22question_id%22%2C%22is_correct%22 "HTTP/2 201 Created"
2025-02-16 21:56:41,062 - INFO - Inserting question ID: 4
2025-02-16 21:56:41,200 - INFO - HTTP Request: POST https://wdibahzeizsqpwrhcsnv.supabase.co/rest/v1/student_answer?columns=%22selected_option_index%22%2C%22student_exam_id%22%2C%22selected_option_id%22%2C%22question_id%22%2C%22is_correct%22 "HTTP/2 201 Created"
2025-02-16 21:56:41,201 - INFO - Inserting question ID: 5
2025-02-16 21:56:41,332 - INFO - HTTP Request: POST https://wdibahzeizsqpwrhcsnv.supabase.co/rest/v1/student_answer?columns=%22selected_option_index%22%2C%22student_exam_id%22%2C%22selected_option_id%22%2C%22question_id%22%2C%22is_correct%22 "HTTP/2 201 Created"
2025-02-16 21:56:41,334 - INFO - Inserting question ID: 6
2025-02-16 21:56:41,489 - INFO - HTTP Request: POST https://wdibahzeizsqpwrhcsnv.supabase.co/rest/v1/student_answer?columns=%22selected_option_index%22%2C%22student_exam_id%22%2C%22selected_option_id%22%2C%22question_id%22%2C%22is_correct%22 "HTTP/2 201 Created"
2025-02-16 21:56:41,489 - INFO - Inserting question ID: 7
2025-02-16 21:56:41,612 - INFO - HTTP Request: POST https://wdibahzeizsqpwrhcsnv.supabase.co/rest/v1/student_answer?columns=%22selected_option_index%22%2C%22student_exam_id%22%2C%22selected_option_id%22%2C%22question_id%22%2C%22is_correct%22 "HTTP/2 201 Created"
2025-02-16 21:56:41,613 - INFO - Inserting question ID: 8
2025-02-16 21:56:41,741 - INFO - HTTP Request: POST https://wdibahzeizsqpwrhcsnv.supabase.co/rest/v1/student_answer?columns=%22selected_option_index%22%2C%22student_exam_id%22%2C%22selected_option_id%22%2C%22question_id%22%2C%22is_correct%22 "HTTP/2 201 Created"
2025-02-16 21:56:41,742 - INFO - Inserting question ID: 9
2025-02-16 21:56:41,871 - INFO - HTTP Request: POST https://wdibahzeizsqpwrhcsnv.supabase.co/rest/v1/student_answer?columns=%22selected_option_index%22%2C%22student_exam_id%22%2C%22selected_option_id%22%2C%22question_id%22%2C%22is_correct%22 "HTTP/2 201 Created"
2025-02-16 21:56:41,872 - INFO - Inserting question ID: 10
2025-02-16 21:56:41,996 - INFO - HTTP Request: POST https://wdibahzeizsqpwrhcsnv.supabase.co/rest/v1/student_answer?columns=%22selected_option_index%22%2C%22student_exam_id%22%2C%22selected_option_id%22%2C%22question_id%22%2C%22is_correct%22 "HTTP/2 201 Created"
2025-02-16 21:56:41,998 - INFO - Inserting question ID: 11
2025-02-16 21:56:42,138 - INFO - HTTP Request: POST https://wdibahzeizsqpwrhcsnv.supabase.co/rest/v1/student_answer?columns=%22selected_option_index%22%2C%22student_exam_id%22%2C%22selected_option_id%22%2C%22question_id%22%2C%22is_correct%22 "HTTP/2 201 Created"
2025-02-16 21:56:42,138 - INFO - Inserting question ID: 12
2025-02-16 21:56:42,264 - INFO - HTTP Request: POST https://wdibahzeizsqpwrhcsnv.supabase.co/rest/v1/student_answer?columns=%22selected_option_index%22%2C%22student_exam_id%22%2C%22selected_option_id%22%2C%22question_id%22%2C%22is_correct%22 "HTTP/2 201 Created"
2025-02-16 21:56:42,265 - INFO - Inserting question ID: 13
2025-02-16 21:56:42,390 - INFO - HTTP Request: POST https://wdibahzeizsqpwrhcsnv.supabase.co/rest/v1/student_answer?columns=%22selected_option_index%22%2C%22student_exam_id%22%2C%22selected_option_id%22%2C%22question_id%22%2C%22is_correct%22 "HTTP/2 201 Created"
2025-02-16 21:56:42,391 - INFO - Inserting question ID: 14
2025-02-16 21:56:42,513 - INFO - HTTP Request: POST https://wdibahzeizsqpwrhcsnv.supabase.co/rest/v1/student_answer?columns=%22selected_option_index%22%2C%22student_exam_id%22%2C%22selected_option_id%22%2C%22question_id%22%2C%22is_correct%22 "HTTP/2 201 Created"
2025-02-16 21:56:42,514 - INFO - Inserting question ID: 15
2025-02-16 21:56:42,730 - INFO - HTTP Request: POST https://wdibahzeizsqpwrhcsnv.supabase.co/rest/v1/student_answer?columns=%22selected_option_index%22%2C%22student_exam_id%22%2C%22selected_option_id%22%2C%22question_id%22%2C%22is_correct%22 "HTTP/2 201 Created"
2025-02-16 21:56:42,731 - INFO - Inserting question ID: 16
2025-02-16 21:56:42,877 - INFO - HTTP Request: POST https://wdibahzeizsqpwrhcsnv.supabase.co/rest/v1/student_answer?columns=%22selected_option_index%22%2C%22student_exam_id%22%2C%22selected_option_id%22%2C%22question_id%22%2C%22is_correct%22 "HTTP/2 201 Created"
2025-02-16 21:56:42,878 - INFO - Inserting question ID: 17
2025-02-16 21:56:43,005 - INFO - HTTP Request: POST https://wdibahzeizsqpwrhcsnv.supabase.co/rest/v1/student_answer?columns=%22selected_option_index%22%2C%22student_exam_id%22%2C%22selected_option_id%22%2C%22question_id%22%2C%22is_correct%22 "HTTP/2 201 Created"
2025-02-16 21:56:43,007 - INFO - Inserting question ID: 18
2025-02-16 21:56:43,130 - INFO - HTTP Request: POST https://wdibahzeizsqpwrhcsnv.supabase.co/rest/v1/student_answer?columns=%22selected_option_index%22%2C%22student_exam_id%22%2C%22selected_option_id%22%2C%22question_id%22%2C%22is_correct%22 "HTTP/2 201 Created"
2025-02-16 21:56:43,131 - INFO - Inserting question ID: 19
2025-02-16 21:56:43,264 - INFO - HTTP Request: POST https://wdibahzeizsqpwrhcsnv.supabase.co/rest/v1/student_answer?columns=%22selected_option_index%22%2C%22student_exam_id%22%2C%22selected_option_id%22%2C%22question_id%22%2C%22is_correct%22 "HTTP/2 201 Created"
2025-02-16 21:56:43,265 - INFO - Inserting question ID: 20
2025-02-16 21:56:43,408 - INFO - HTTP Request: POST https://wdibahzeizsqpwrhcsnv.supabase.co/rest/v1/student_answer?columns=%22selected_option_index%22%2C%22student_exam_id%22%2C%22selected_option_id%22%2C%22question_id%22%2C%22is_correct%22 "HTTP/2 201 Created"
2025-02-16 21:56:43,409 - INFO - Inserting question ID: 21
2025-02-16 21:56:43,547 - INFO - HTTP Request: POST https://wdibahzeizsqpwrhcsnv.supabase.co/rest/v1/student_answer?columns=%22selected_option_index%22%2C%22student_exam_id%22%2C%22selected_option_id%22%2C%22question_id%22%2C%22is_correct%22 "HTTP/2 201 Created"
2025-02-16 21:56:43,548 - INFO - Inserting question ID: 22
2025-02-16 21:56:43,548 - WARNING - No option selected for question_id 905, student_exam_id 93
2025-02-16 21:56:43,675 - INFO - HTTP Request: POST https://wdibahzeizsqpwrhcsnv.supabase.co/rest/v1/student_answer?columns=%22is_correct%22%2C%22question_id%22%2C%22selected_option_index%22%2C%22student_exam_id%22 "HTTP/2 201 Created"
2025-02-16 21:56:43,676 - INFO - Inserting question ID: 23
2025-02-16 21:56:43,831 - INFO - HTTP Request: POST https://wdibahzeizsqpwrhcsnv.supabase.co/rest/v1/student_answer?columns=%22selected_option_index%22%2C%22student_exam_id%22%2C%22selected_option_id%22%2C%22question_id%22%2C%22is_correct%22 "HTTP/2 201 Created"
2025-02-16 21:56:43,831 - INFO - Inserting question ID: 24
2025-02-16 21:56:43,961 - INFO - HTTP Request: POST https://wdibahzeizsqpwrhcsnv.supabase.co/rest/v1/student_answer?columns=%22selected_option_index%22%2C%22student_exam_id%22%2C%22selected_option_id%22%2C%22question_id%22%2C%22is_correct%22 "HTTP/2 201 Created"
2025-02-16 21:56:43,963 - INFO - Inserting question ID: 25
2025-02-16 21:56:44,118 - INFO - HTTP Request: POST https://wdibahzeizsqpwrhcsnv.supabase.co/rest/v1/student_answer?columns=%22selected_option_index%22%2C%22student_exam_id%22%2C%22selected_option_id%22%2C%22question_id%22%2C%22is_correct%22 "HTTP/2 201 Created"
2025-02-16 21:56:44,119 - INFO - Inserting question ID: 26
2025-02-16 21:56:44,242 - INFO - HTTP Request: POST https://wdibahzeizsqpwrhcsnv.supabase.co/rest/v1/student_answer?columns=%22selected_option_index%22%2C%22student_exam_id%22%2C%22selected_option_id%22%2C%22question_id%22%2C%22is_correct%22 "HTTP/2 201 Created"
2025-02-16 21:56:44,243 - INFO - Inserting question ID: 27
2025-02-16 21:56:44,372 - INFO - HTTP Request: POST https://wdibahzeizsqpwrhcsnv.supabase.co/rest/v1/student_answer?columns=%22selected_option_index%22%2C%22student_exam_id%22%2C%22selected_option_id%22%2C%22question_id%22%2C%22is_correct%22 "HTTP/2 201 Created"
2025-02-16 21:56:44,373 - INFO - Inserting question ID: 28
2025-02-16 21:56:44,517 - INFO - HTTP Request: POST https://wdibahzeizsqpwrhcsnv.supabase.co/rest/v1/student_answer?columns=%22selected_option_index%22%2C%22student_exam_id%22%2C%22selected_option_id%22%2C%22question_id%22%2C%22is_correct%22 "HTTP/2 201 Created"
2025-02-16 21:56:44,518 - INFO - Inserting question ID: 29
2025-02-16 21:56:44,722 - INFO - HTTP Request: POST https://wdibahzeizsqpwrhcsnv.supabase.co/rest/v1/student_answer?columns=%22selected_option_index%22%2C%22student_exam_id%22%2C%22selected_option_id%22%2C%22question_id%22%2C%22is_correct%22 "HTTP/2 201 Created"
2025-02-16 21:56:44,723 - INFO - Inserting question ID: 30
2025-02-16 21:56:44,862 - INFO - HTTP Request: POST https://wdibahzeizsqpwrhcsnv.supabase.co/rest/v1/student_answer?columns=%22selected_option_index%22%2C%22student_exam_id%22%2C%22selected_option_id%22%2C%22question_id%22%2C%22is_correct%22 "HTTP/2 201 Created"
2025-02-16 21:56:44,863 - INFO - Inserting question ID: 31
2025-02-16 21:56:45,053 - INFO - HTTP Request: POST https://wdibahzeizsqpwrhcsnv.supabase.co/rest/v1/student_answer?columns=%22selected_option_index%22%2C%22student_exam_id%22%2C%22selected_option_id%22%2C%22question_id%22%2C%22is_correct%22 "HTTP/2 201 Created"
2025-02-16 21:56:45,055 - INFO - Inserting question ID: 32
2025-02-16 21:56:45,181 - INFO - HTTP Request: POST https://wdibahzeizsqpwrhcsnv.supabase.co/rest/v1/student_answer?columns=%22selected_option_index%22%2C%22student_exam_id%22%2C%22selected_option_id%22%2C%22question_id%22%2C%22is_correct%22 "HTTP/2 201 Created"
2025-02-16 21:56:45,391 - INFO - HTTP Request: POST https://wdibahzeizsqpwrhcsnv.supabase.co/rest/v1/student_exam?columns=%22exam_id%22%2C%22last_name%22%2C%22student_id%22%2C%22first_name%22 "HTTP/2 201 Created"
2025-02-16 21:56:45,392 - INFO - Inserting question ID: 1
2025-02-16 21:56:45,537 - INFO - HTTP Request: POST https://wdibahzeizsqpwrhcsnv.supabase.co/rest/v1/student_answer?columns=%22selected_option_index%22%2C%22student_exam_id%22%2C%22selected_option_id%22%2C%22question_id%22%2C%22is_correct%22 "HTTP/2 201 Created"
2025-02-16 21:56:45,538 - INFO - Inserting question ID: 2
2025-02-16 21:56:45,685 - INFO - HTTP Request: POST https://wdibahzeizsqpwrhcsnv.supabase.co/rest/v1/student_answer?columns=%22selected_option_index%22%2C%22student_exam_id%22%2C%22selected_option_id%22%2C%22question_id%22%2C%22is_correct%22 "HTTP/2 201 Created"
2025-02-16 21:56:45,686 - INFO - Inserting question ID: 3
2025-02-16 21:56:45,822 - INFO - HTTP Request: POST https://wdibahzeizsqpwrhcsnv.supabase.co/rest/v1/student_answer?columns=%22selected_option_index%22%2C%22student_exam_id%22%2C%22selected_option_id%22%2C%22question_id%22%2C%22is_correct%22 "HTTP/2 201 Created"
2025-02-16 21:56:45,823 - INFO - Inserting question ID: 4
2025-02-16 21:56:45,956 - INFO - HTTP Request: POST https://wdibahzeizsqpwrhcsnv.supabase.co/rest/v1/student_answer?columns=%22selected_option_index%22%2C%22student_exam_id%22%2C%22selected_option_id%22%2C%22question_id%22%2C%22is_correct%22 "HTTP/2 201 Created"
2025-02-16 21:56:45,957 - INFO - Inserting question ID: 5
2025-02-16 21:56:46,088 - INFO - HTTP Request: POST https://wdibahzeizsqpwrhcsnv.supabase.co/rest/v1/student_answer?columns=%22selected_option_index%22%2C%22student_exam_id%22%2C%22selected_option_id%22%2C%22question_id%22%2C%22is_correct%22 "HTTP/2 201 Created"
2025-02-16 21:56:46,089 - INFO - Inserting question ID: 6
2025-02-16 21:56:46,223 - INFO - HTTP Request: POST https://wdibahzeizsqpwrhcsnv.supabase.co/rest/v1/student_answer?columns=%22selected_option_index%22%2C%22student_exam_id%22%2C%22selected_option_id%22%2C%22question_id%22%2C%22is_correct%22 "HTTP/2 201 Created"
2025-02-16 21:56:46,224 - INFO - Inserting question ID: 7
2025-02-16 21:56:46,364 - INFO - HTTP Request: POST https://wdibahzeizsqpwrhcsnv.supabase.co/rest/v1/student_answer?columns=%22selected_option_index%22%2C%22student_exam_id%22%2C%22selected_option_id%22%2C%22question_id%22%2C%22is_correct%22 "HTTP/2 201 Created"
2025-02-16 21:56:46,365 - INFO - Inserting question ID: 8
2025-02-16 21:56:46,516 - INFO - HTTP Request: POST https://wdibahzeizsqpwrhcsnv.supabase.co/rest/v1/student_answer?columns=%22selected_option_index%22%2C%22student_exam_id%22%2C%22selected_option_id%22%2C%22question_id%22%2C%22is_correct%22 "HTTP/2 201 Created"
2025-02-16 21:56:46,518 - INFO - Inserting question ID: 9
2025-02-16 21:56:46,844 - INFO - HTTP Request: POST https://wdibahzeizsqpwrhcsnv.supabase.co/rest/v1/student_answer?columns=%22selected_option_index%22%2C%22student_exam_id%22%2C%22selected_option_id%22%2C%22question_id%22%2C%22is_correct%22 "HTTP/2 201 Created"
2025-02-16 21:56:46,845 - INFO - Inserting question ID: 10
2025-02-16 21:56:47,048 - INFO - HTTP Request: POST https://wdibahzeizsqpwrhcsnv.supabase.co/rest/v1/student_answer?columns=%22selected_option_index%22%2C%22student_exam_id%22%2C%22selected_option_id%22%2C%22question_id%22%2C%22is_correct%22 "HTTP/2 201 Created"
2025-02-16 21:56:47,049 - INFO - Inserting question ID: 11
2025-02-16 21:56:47,309 - INFO - HTTP Request: POST https://wdibahzeizsqpwrhcsnv.supabase.co/rest/v1/student_answer?columns=%22selected_option_index%22%2C%22student_exam_id%22%2C%22selected_option_id%22%2C%22question_id%22%2C%22is_correct%22 "HTTP/2 201 Created"
2025-02-16 21:56:47,312 - INFO - Inserting question ID: 12
2025-02-16 21:56:47,479 - INFO - HTTP Request: POST https://wdibahzeizsqpwrhcsnv.supabase.co/rest/v1/student_answer?columns=%22selected_option_index%22%2C%22student_exam_id%22%2C%22selected_option_id%22%2C%22question_id%22%2C%22is_correct%22 "HTTP/2 201 Created"
2025-02-16 21:56:47,481 - INFO - Inserting question ID: 13
2025-02-16 21:56:47,666 - INFO - HTTP Request: POST https://wdibahzeizsqpwrhcsnv.supabase.co/rest/v1/student_answer?columns=%22selected_option_index%22%2C%22student_exam_id%22%2C%22selected_option_id%22%2C%22question_id%22%2C%22is_correct%22 "HTTP/2 201 Created"
2025-02-16 21:56:47,667 - INFO - Inserting question ID: 14
2025-02-16 21:56:47,798 - INFO - HTTP Request: POST https://wdibahzeizsqpwrhcsnv.supabase.co/rest/v1/student_answer?columns=%22selected_option_index%22%2C%22student_exam_id%22%2C%22selected_option_id%22%2C%22question_id%22%2C%22is_correct%22 "HTTP/2 201 Created"
2025-02-16 21:56:47,799 - INFO - Inserting question ID: 15
2025-02-16 21:56:47,955 - INFO - HTTP Request: POST https://wdibahzeizsqpwrhcsnv.supabase.co/rest/v1/student_answer?columns=%22selected_option_index%22%2C%22student_exam_id%22%2C%22selected_option_id%22%2C%22question_id%22%2C%22is_correct%22 "HTTP/2 201 Created"
2025-02-16 21:56:47,956 - INFO - Inserting question ID: 16
2025-02-16 21:56:48,102 - INFO - HTTP Request: POST https://wdibahzeizsqpwrhcsnv.supabase.co/rest/v1/student_answer?columns=%22selected_option_index%22%2C%22student_exam_id%22%2C%22selected_option_id%22%2C%22question_id%22%2C%22is_correct%22 "HTTP/2 201 Created"
2025-02-16 21:56:48,103 - INFO - Inserting question ID: 17
2025-02-16 21:56:48,219 - INFO - HTTP Request: POST https://wdibahzeizsqpwrhcsnv.supabase.co/rest/v1/student_answer?columns=%22selected_option_index%22%2C%22student_exam_id%22%2C%22selected_option_id%22%2C%22question_id%22%2C%22is_correct%22 "HTTP/2 201 Created"
2025-02-16 21:56:48,220 - INFO - Inserting question ID: 18
2025-02-16 21:56:48,360 - INFO - HTTP Request: POST https://wdibahzeizsqpwrhcsnv.supabase.co/rest/v1/student_answer?columns=%22selected_option_index%22%2C%22student_exam_id%22%2C%22selected_option_id%22%2C%22question_id%22%2C%22is_correct%22 "HTTP/2 201 Created"
2025-02-16 21:56:48,361 - INFO - Inserting question ID: 19
2025-02-16 21:56:48,506 - INFO - HTTP Request: POST https://wdibahzeizsqpwrhcsnv.supabase.co/rest/v1/student_answer?columns=%22selected_option_index%22%2C%22student_exam_id%22%2C%22selected_option_id%22%2C%22question_id%22%2C%22is_correct%22 "HTTP/2 201 Created"
2025-02-16 21:56:48,506 - INFO - Inserting question ID: 20
2025-02-16 21:56:48,642 - INFO - HTTP Request: POST https://wdibahzeizsqpwrhcsnv.supabase.co/rest/v1/student_answer?columns=%22selected_option_index%22%2C%22student_exam_id%22%2C%22selected_option_id%22%2C%22question_id%22%2C%22is_correct%22 "HTTP/2 201 Created"
2025-02-16 21:56:48,643 - INFO - Inserting question ID: 21
2025-02-16 21:56:48,771 - INFO - HTTP Request: POST https://wdibahzeizsqpwrhcsnv.supabase.co/rest/v1/student_answer?columns=%22selected_option_index%22%2C%22student_exam_id%22%2C%22selected_option_id%22%2C%22question_id%22%2C%22is_correct%22 "HTTP/2 201 Created"
2025-02-16 21:56:48,772 - INFO - Inserting question ID: 22
2025-02-16 21:56:48,903 - INFO - HTTP Request: POST https://wdibahzeizsqpwrhcsnv.supabase.co/rest/v1/student_answer?columns=%22selected_option_index%22%2C%22student_exam_id%22%2C%22selected_option_id%22%2C%22question_id%22%2C%22is_correct%22 "HTTP/2 201 Created"
2025-02-16 21:56:48,903 - INFO - Inserting question ID: 23
2025-02-16 21:56:49,049 - INFO - HTTP Request: POST https://wdibahzeizsqpwrhcsnv.supabase.co/rest/v1/student_answer?columns=%22selected_option_index%22%2C%22student_exam_id%22%2C%22selected_option_id%22%2C%22question_id%22%2C%22is_correct%22 "HTTP/2 201 Created"
2025-02-16 21:56:49,050 - INFO - Inserting question ID: 24
2025-02-16 21:56:49,178 - INFO - HTTP Request: POST https://wdibahzeizsqpwrhcsnv.supabase.co/rest/v1/student_answer?columns=%22selected_option_index%22%2C%22student_exam_id%22%2C%22selected_option_id%22%2C%22question_id%22%2C%22is_correct%22 "HTTP/2 201 Created"
2025-02-16 21:56:49,181 - INFO - Inserting question ID: 25
2025-02-16 21:56:49,313 - INFO - HTTP Request: POST https://wdibahzeizsqpwrhcsnv.supabase.co/rest/v1/student_answer?columns=%22selected_option_index%22%2C%22student_exam_id%22%2C%22selected_option_id%22%2C%22question_id%22%2C%22is_correct%22 "HTTP/2 201 Created"
2025-02-16 21:56:49,314 - INFO - Inserting question ID: 26
2025-02-16 21:56:49,454 - INFO - HTTP Request: POST https://wdibahzeizsqpwrhcsnv.supabase.co/rest/v1/student_answer?columns=%22selected_option_index%22%2C%22student_exam_id%22%2C%22selected_option_id%22%2C%22question_id%22%2C%22is_correct%22 "HTTP/2 201 Created"
2025-02-16 21:56:49,456 - INFO - Inserting question ID: 27
2025-02-16 21:56:49,591 - INFO - HTTP Request: POST https://wdibahzeizsqpwrhcsnv.supabase.co/rest/v1/student_answer?columns=%22selected_option_index%22%2C%22student_exam_id%22%2C%22selected_option_id%22%2C%22question_id%22%2C%22is_correct%22 "HTTP/2 201 Created"
2025-02-16 21:56:49,592 - INFO - Inserting question ID: 28
2025-02-16 21:56:49,779 - INFO - HTTP Request: POST https://wdibahzeizsqpwrhcsnv.supabase.co/rest/v1/student_answer?columns=%22selected_option_index%22%2C%22student_exam_id%22%2C%22selected_option_id%22%2C%22question_id%22%2C%22is_correct%22 "HTTP/2 201 Created"
2025-02-16 21:56:49,780 - INFO - Inserting question ID: 29
2025-02-16 21:56:49,918 - INFO - HTTP Request: POST https://wdibahzeizsqpwrhcsnv.supabase.co/rest/v1/student_answer?columns=%22selected_option_index%22%2C%22student_exam_id%22%2C%22selected_option_id%22%2C%22question_id%22%2C%22is_correct%22 "HTTP/2 201 Created"
2025-02-16 21:56:49,919 - INFO - Inserting question ID: 30
2025-02-16 21:56:50,060 - INFO - HTTP Request: POST https://wdibahzeizsqpwrhcsnv.supabase.co/rest/v1/student_answer?columns=%22selected_option_index%22%2C%22student_exam_id%22%2C%22selected_option_id%22%2C%22question_id%22%2C%22is_correct%22 "HTTP/2 201 Created"
2025-02-16 21:56:50,060 - INFO - Inserting question ID: 31
2025-02-16 21:56:50,060 - WARNING - No option selected for question_id 914, student_exam_id 94
2025-02-16 21:56:50,194 - INFO - HTTP Request: POST https://wdibahzeizsqpwrhcsnv.supabase.co/rest/v1/student_answer?columns=%22is_correct%22%2C%22question_id%22%2C%22selected_option_index%22%2C%22student_exam_id%22 "HTTP/2 201 Created"
2025-02-16 21:56:50,195 - INFO - Inserting question ID: 32
2025-02-16 21:56:50,333 - INFO - HTTP Request: POST https://wdibahzeizsqpwrhcsnv.supabase.co/rest/v1/student_answer?columns=%22selected_option_index%22%2C%22student_exam_id%22%2C%22selected_option_id%22%2C%22question_id%22%2C%22is_correct%22 "HTTP/2 201 Created"
2025-02-16 21:56:50,570 - INFO - HTTP Request: POST https://wdibahzeizsqpwrhcsnv.supabase.co/rest/v1/student_exam?columns=%22exam_id%22%2C%22last_name%22%2C%22student_id%22%2C%22first_name%22 "HTTP/2 201 Created"
2025-02-16 21:56:50,571 - INFO - Inserting question ID: 1
2025-02-16 21:56:50,723 - INFO - HTTP Request: POST https://wdibahzeizsqpwrhcsnv.supabase.co/rest/v1/student_answer?columns=%22selected_option_index%22%2C%22student_exam_id%22%2C%22selected_option_id%22%2C%22question_id%22%2C%22is_correct%22 "HTTP/2 201 Created"
2025-02-16 21:56:50,724 - INFO - Inserting question ID: 2
2025-02-16 21:56:50,855 - INFO - HTTP Request: POST https://wdibahzeizsqpwrhcsnv.supabase.co/rest/v1/student_answer?columns=%22selected_option_index%22%2C%22student_exam_id%22%2C%22selected_option_id%22%2C%22question_id%22%2C%22is_correct%22 "HTTP/2 201 Created"
2025-02-16 21:56:50,856 - INFO - Inserting question ID: 3
2025-02-16 21:56:50,980 - INFO - HTTP Request: POST https://wdibahzeizsqpwrhcsnv.supabase.co/rest/v1/student_answer?columns=%22selected_option_index%22%2C%22student_exam_id%22%2C%22selected_option_id%22%2C%22question_id%22%2C%22is_correct%22 "HTTP/2 201 Created"
2025-02-16 21:56:50,981 - INFO - Inserting question ID: 4
2025-02-16 21:56:51,170 - INFO - HTTP Request: POST https://wdibahzeizsqpwrhcsnv.supabase.co/rest/v1/student_answer?columns=%22selected_option_index%22%2C%22student_exam_id%22%2C%22selected_option_id%22%2C%22question_id%22%2C%22is_correct%22 "HTTP/2 201 Created"
2025-02-16 21:56:51,171 - INFO - Inserting question ID: 5
2025-02-16 21:56:51,305 - INFO - HTTP Request: POST https://wdibahzeizsqpwrhcsnv.supabase.co/rest/v1/student_answer?columns=%22selected_option_index%22%2C%22student_exam_id%22%2C%22selected_option_id%22%2C%22question_id%22%2C%22is_correct%22 "HTTP/2 201 Created"
2025-02-16 21:56:51,306 - INFO - Inserting question ID: 6
2025-02-16 21:56:51,455 - INFO - HTTP Request: POST https://wdibahzeizsqpwrhcsnv.supabase.co/rest/v1/student_answer?columns=%22selected_option_index%22%2C%22student_exam_id%22%2C%22selected_option_id%22%2C%22question_id%22%2C%22is_correct%22 "HTTP/2 201 Created"
2025-02-16 21:56:51,456 - INFO - Inserting question ID: 7
2025-02-16 21:56:51,583 - INFO - HTTP Request: POST https://wdibahzeizsqpwrhcsnv.supabase.co/rest/v1/student_answer?columns=%22selected_option_index%22%2C%22student_exam_id%22%2C%22selected_option_id%22%2C%22question_id%22%2C%22is_correct%22 "HTTP/2 201 Created"
2025-02-16 21:56:51,585 - INFO - Inserting question ID: 8
2025-02-16 21:56:51,725 - INFO - HTTP Request: POST https://wdibahzeizsqpwrhcsnv.supabase.co/rest/v1/student_answer?columns=%22selected_option_index%22%2C%22student_exam_id%22%2C%22selected_option_id%22%2C%22question_id%22%2C%22is_correct%22 "HTTP/2 201 Created"
2025-02-16 21:56:51,725 - INFO - Inserting question ID: 9
2025-02-16 21:56:51,725 - WARNING - No option selected for question_id 892, student_exam_id 95
2025-02-16 21:56:51,864 - INFO - HTTP Request: POST https://wdibahzeizsqpwrhcsnv.supabase.co/rest/v1/student_answer?columns=%22is_correct%22%2C%22question_id%22%2C%22selected_option_index%22%2C%22student_exam_id%22 "HTTP/2 201 Created"
2025-02-16 21:56:51,865 - INFO - Inserting question ID: 10
2025-02-16 21:56:51,980 - INFO - HTTP Request: POST https://wdibahzeizsqpwrhcsnv.supabase.co/rest/v1/student_answer?columns=%22selected_option_index%22%2C%22student_exam_id%22%2C%22selected_option_id%22%2C%22question_id%22%2C%22is_correct%22 "HTTP/2 201 Created"
2025-02-16 21:56:51,983 - INFO - Inserting question ID: 11
2025-02-16 21:56:52,111 - INFO - HTTP Request: POST https://wdibahzeizsqpwrhcsnv.supabase.co/rest/v1/student_answer?columns=%22selected_option_index%22%2C%22student_exam_id%22%2C%22selected_option_id%22%2C%22question_id%22%2C%22is_correct%22 "HTTP/2 201 Created"
2025-02-16 21:56:52,112 - INFO - Inserting question ID: 12
2025-02-16 21:56:52,232 - INFO - HTTP Request: POST https://wdibahzeizsqpwrhcsnv.supabase.co/rest/v1/student_answer?columns=%22selected_option_index%22%2C%22student_exam_id%22%2C%22selected_option_id%22%2C%22question_id%22%2C%22is_correct%22 "HTTP/2 201 Created"
2025-02-16 21:56:52,233 - INFO - Inserting question ID: 13
2025-02-16 21:56:52,411 - INFO - HTTP Request: POST https://wdibahzeizsqpwrhcsnv.supabase.co/rest/v1/student_answer?columns=%22selected_option_index%22%2C%22student_exam_id%22%2C%22selected_option_id%22%2C%22question_id%22%2C%22is_correct%22 "HTTP/2 201 Created"
2025-02-16 21:56:52,412 - INFO - Inserting question ID: 14
2025-02-16 21:56:52,558 - INFO - HTTP Request: POST https://wdibahzeizsqpwrhcsnv.supabase.co/rest/v1/student_answer?columns=%22selected_option_index%22%2C%22student_exam_id%22%2C%22selected_option_id%22%2C%22question_id%22%2C%22is_correct%22 "HTTP/2 201 Created"
2025-02-16 21:56:52,559 - INFO - Inserting question ID: 15
2025-02-16 21:56:52,559 - WARNING - No option selected for question_id 898, student_exam_id 95
2025-02-16 21:56:52,694 - INFO - HTTP Request: POST https://wdibahzeizsqpwrhcsnv.supabase.co/rest/v1/student_answer?columns=%22is_correct%22%2C%22question_id%22%2C%22selected_option_index%22%2C%22student_exam_id%22 "HTTP/2 201 Created"
2025-02-16 21:56:52,695 - INFO - Inserting question ID: 16
2025-02-16 21:56:52,828 - INFO - HTTP Request: POST https://wdibahzeizsqpwrhcsnv.supabase.co/rest/v1/student_answer?columns=%22selected_option_index%22%2C%22student_exam_id%22%2C%22selected_option_id%22%2C%22question_id%22%2C%22is_correct%22 "HTTP/2 201 Created"
2025-02-16 21:56:52,831 - INFO - Inserting question ID: 17
2025-02-16 21:56:52,964 - INFO - HTTP Request: POST https://wdibahzeizsqpwrhcsnv.supabase.co/rest/v1/student_answer?columns=%22selected_option_index%22%2C%22student_exam_id%22%2C%22selected_option_id%22%2C%22question_id%22%2C%22is_correct%22 "HTTP/2 201 Created"
2025-02-16 21:56:52,965 - INFO - Inserting question ID: 18
2025-02-16 21:56:53,094 - INFO - HTTP Request: POST https://wdibahzeizsqpwrhcsnv.supabase.co/rest/v1/student_answer?columns=%22selected_option_index%22%2C%22student_exam_id%22%2C%22selected_option_id%22%2C%22question_id%22%2C%22is_correct%22 "HTTP/2 201 Created"
2025-02-16 21:56:53,096 - INFO - Inserting question ID: 19
2025-02-16 21:56:53,224 - INFO - HTTP Request: POST https://wdibahzeizsqpwrhcsnv.supabase.co/rest/v1/student_answer?columns=%22selected_option_index%22%2C%22student_exam_id%22%2C%22selected_option_id%22%2C%22question_id%22%2C%22is_correct%22 "HTTP/2 201 Created"
2025-02-16 21:56:53,225 - INFO - Inserting question ID: 20
2025-02-16 21:56:53,346 - INFO - HTTP Request: POST https://wdibahzeizsqpwrhcsnv.supabase.co/rest/v1/student_answer?columns=%22selected_option_index%22%2C%22student_exam_id%22%2C%22selected_option_id%22%2C%22question_id%22%2C%22is_correct%22 "HTTP/2 201 Created"
2025-02-16 21:56:53,353 - INFO - Inserting question ID: 21
2025-02-16 21:56:53,472 - INFO - HTTP Request: POST https://wdibahzeizsqpwrhcsnv.supabase.co/rest/v1/student_answer?columns=%22selected_option_index%22%2C%22student_exam_id%22%2C%22selected_option_id%22%2C%22question_id%22%2C%22is_correct%22 "HTTP/2 201 Created"
2025-02-16 21:56:53,475 - INFO - Inserting question ID: 22
2025-02-16 21:56:53,605 - INFO - HTTP Request: POST https://wdibahzeizsqpwrhcsnv.supabase.co/rest/v1/student_answer?columns=%22selected_option_index%22%2C%22student_exam_id%22%2C%22selected_option_id%22%2C%22question_id%22%2C%22is_correct%22 "HTTP/2 201 Created"
2025-02-16 21:56:53,606 - INFO - Inserting question ID: 23
2025-02-16 21:56:53,737 - INFO - HTTP Request: POST https://wdibahzeizsqpwrhcsnv.supabase.co/rest/v1/student_answer?columns=%22selected_option_index%22%2C%22student_exam_id%22%2C%22selected_option_id%22%2C%22question_id%22%2C%22is_correct%22 "HTTP/2 201 Created"
2025-02-16 21:56:53,738 - INFO - Inserting question ID: 24
2025-02-16 21:56:53,874 - INFO - HTTP Request: POST https://wdibahzeizsqpwrhcsnv.supabase.co/rest/v1/student_answer?columns=%22selected_option_index%22%2C%22student_exam_id%22%2C%22selected_option_id%22%2C%22question_id%22%2C%22is_correct%22 "HTTP/2 201 Created"
2025-02-16 21:56:53,876 - INFO - Inserting question ID: 25
2025-02-16 21:56:54,006 - INFO - HTTP Request: POST https://wdibahzeizsqpwrhcsnv.supabase.co/rest/v1/student_answer?columns=%22selected_option_index%22%2C%22student_exam_id%22%2C%22selected_option_id%22%2C%22question_id%22%2C%22is_correct%22 "HTTP/2 201 Created"
2025-02-16 21:56:54,007 - INFO - Inserting question ID: 26
2025-02-16 21:56:54,136 - INFO - HTTP Request: POST https://wdibahzeizsqpwrhcsnv.supabase.co/rest/v1/student_answer?columns=%22selected_option_index%22%2C%22student_exam_id%22%2C%22selected_option_id%22%2C%22question_id%22%2C%22is_correct%22 "HTTP/2 201 Created"
2025-02-16 21:56:54,137 - INFO - Inserting question ID: 27
2025-02-16 21:56:54,264 - INFO - HTTP Request: POST https://wdibahzeizsqpwrhcsnv.supabase.co/rest/v1/student_answer?columns=%22selected_option_index%22%2C%22student_exam_id%22%2C%22selected_option_id%22%2C%22question_id%22%2C%22is_correct%22 "HTTP/2 201 Created"
2025-02-16 21:56:54,265 - INFO - Inserting question ID: 28
2025-02-16 21:56:54,403 - INFO - HTTP Request: POST https://wdibahzeizsqpwrhcsnv.supabase.co/rest/v1/student_answer?columns=%22selected_option_index%22%2C%22student_exam_id%22%2C%22selected_option_id%22%2C%22question_id%22%2C%22is_correct%22 "HTTP/2 201 Created"
2025-02-16 21:56:54,404 - INFO - Inserting question ID: 29
2025-02-16 21:56:54,531 - INFO - HTTP Request: POST https://wdibahzeizsqpwrhcsnv.supabase.co/rest/v1/student_answer?columns=%22selected_option_index%22%2C%22student_exam_id%22%2C%22selected_option_id%22%2C%22question_id%22%2C%22is_correct%22 "HTTP/2 201 Created"
2025-02-16 21:56:54,532 - INFO - Inserting question ID: 30
2025-02-16 21:56:54,667 - INFO - HTTP Request: POST https://wdibahzeizsqpwrhcsnv.supabase.co/rest/v1/student_answer?columns=%22selected_option_index%22%2C%22student_exam_id%22%2C%22selected_option_id%22%2C%22question_id%22%2C%22is_correct%22 "HTTP/2 201 Created"
2025-02-16 21:56:54,669 - INFO - Inserting question ID: 31
2025-02-16 21:56:54,880 - INFO - HTTP Request: POST https://wdibahzeizsqpwrhcsnv.supabase.co/rest/v1/student_answer?columns=%22selected_option_index%22%2C%22student_exam_id%22%2C%22selected_option_id%22%2C%22question_id%22%2C%22is_correct%22 "HTTP/2 201 Created"
2025-02-16 21:56:54,881 - INFO - Inserting question ID: 32
2025-02-16 21:56:55,011 - INFO - HTTP Request: POST https://wdibahzeizsqpwrhcsnv.supabase.co/rest/v1/student_answer?columns=%22selected_option_index%22%2C%22student_exam_id%22%2C%22selected_option_id%22%2C%22question_id%22%2C%22is_correct%22 "HTTP/2 201 Created"
2025-02-16 21:56:55,152 - INFO - HTTP Request: POST https://wdibahzeizsqpwrhcsnv.supabase.co/rest/v1/student_exam?columns=%22exam_id%22%2C%22last_name%22%2C%22student_id%22%2C%22first_name%22 "HTTP/2 201 Created"
2025-02-16 21:56:55,153 - INFO - Inserting question ID: 1
2025-02-16 21:56:55,286 - INFO - HTTP Request: POST https://wdibahzeizsqpwrhcsnv.supabase.co/rest/v1/student_answer?columns=%22selected_option_index%22%2C%22student_exam_id%22%2C%22selected_option_id%22%2C%22question_id%22%2C%22is_correct%22 "HTTP/2 201 Created"
2025-02-16 21:56:55,287 - INFO - Inserting question ID: 2
2025-02-16 21:56:55,462 - INFO - HTTP Request: POST https://wdibahzeizsqpwrhcsnv.supabase.co/rest/v1/student_answer?columns=%22selected_option_index%22%2C%22student_exam_id%22%2C%22selected_option_id%22%2C%22question_id%22%2C%22is_correct%22 "HTTP/2 201 Created"
2025-02-16 21:56:55,466 - INFO - Inserting question ID: 3
2025-02-16 21:56:55,677 - INFO - HTTP Request: POST https://wdibahzeizsqpwrhcsnv.supabase.co/rest/v1/student_answer?columns=%22selected_option_index%22%2C%22student_exam_id%22%2C%22selected_option_id%22%2C%22question_id%22%2C%22is_correct%22 "HTTP/2 201 Created"
2025-02-16 21:56:55,678 - INFO - Inserting question ID: 4
2025-02-16 21:56:55,805 - INFO - HTTP Request: POST https://wdibahzeizsqpwrhcsnv.supabase.co/rest/v1/student_answer?columns=%22selected_option_index%22%2C%22student_exam_id%22%2C%22selected_option_id%22%2C%22question_id%22%2C%22is_correct%22 "HTTP/2 201 Created"
2025-02-16 21:56:55,806 - INFO - Inserting question ID: 5
2025-02-16 21:56:55,952 - INFO - HTTP Request: POST https://wdibahzeizsqpwrhcsnv.supabase.co/rest/v1/student_answer?columns=%22selected_option_index%22%2C%22student_exam_id%22%2C%22selected_option_id%22%2C%22question_id%22%2C%22is_correct%22 "HTTP/2 201 Created"
2025-02-16 21:56:55,952 - INFO - Inserting question ID: 6
2025-02-16 21:56:56,097 - INFO - HTTP Request: POST https://wdibahzeizsqpwrhcsnv.supabase.co/rest/v1/student_answer?columns=%22selected_option_index%22%2C%22student_exam_id%22%2C%22selected_option_id%22%2C%22question_id%22%2C%22is_correct%22 "HTTP/2 201 Created"
2025-02-16 21:56:56,099 - INFO - Inserting question ID: 7
2025-02-16 21:56:56,225 - INFO - HTTP Request: POST https://wdibahzeizsqpwrhcsnv.supabase.co/rest/v1/student_answer?columns=%22selected_option_index%22%2C%22student_exam_id%22%2C%22selected_option_id%22%2C%22question_id%22%2C%22is_correct%22 "HTTP/2 201 Created"
2025-02-16 21:56:56,226 - INFO - Inserting question ID: 8
2025-02-16 21:56:56,360 - INFO - HTTP Request: POST https://wdibahzeizsqpwrhcsnv.supabase.co/rest/v1/student_answer?columns=%22selected_option_index%22%2C%22student_exam_id%22%2C%22selected_option_id%22%2C%22question_id%22%2C%22is_correct%22 "HTTP/2 201 Created"
2025-02-16 21:56:56,361 - INFO - Inserting question ID: 9
2025-02-16 21:56:56,494 - INFO - HTTP Request: POST https://wdibahzeizsqpwrhcsnv.supabase.co/rest/v1/student_answer?columns=%22selected_option_index%22%2C%22student_exam_id%22%2C%22selected_option_id%22%2C%22question_id%22%2C%22is_correct%22 "HTTP/2 201 Created"
2025-02-16 21:56:56,496 - INFO - Inserting question ID: 10
2025-02-16 21:56:56,625 - INFO - HTTP Request: POST https://wdibahzeizsqpwrhcsnv.supabase.co/rest/v1/student_answer?columns=%22selected_option_index%22%2C%22student_exam_id%22%2C%22selected_option_id%22%2C%22question_id%22%2C%22is_correct%22 "HTTP/2 201 Created"
2025-02-16 21:56:56,626 - INFO - Inserting question ID: 11
2025-02-16 21:56:56,760 - INFO - HTTP Request: POST https://wdibahzeizsqpwrhcsnv.supabase.co/rest/v1/student_answer?columns=%22selected_option_index%22%2C%22student_exam_id%22%2C%22selected_option_id%22%2C%22question_id%22%2C%22is_correct%22 "HTTP/2 201 Created"
2025-02-16 21:56:56,761 - INFO - Inserting question ID: 12
2025-02-16 21:56:56,915 - INFO - HTTP Request: POST https://wdibahzeizsqpwrhcsnv.supabase.co/rest/v1/student_answer?columns=%22selected_option_index%22%2C%22student_exam_id%22%2C%22selected_option_id%22%2C%22question_id%22%2C%22is_correct%22 "HTTP/2 201 Created"
2025-02-16 21:56:56,915 - INFO - Inserting question ID: 13
2025-02-16 21:56:57,049 - INFO - HTTP Request: POST https://wdibahzeizsqpwrhcsnv.supabase.co/rest/v1/student_answer?columns=%22selected_option_index%22%2C%22student_exam_id%22%2C%22selected_option_id%22%2C%22question_id%22%2C%22is_correct%22 "HTTP/2 201 Created"
2025-02-16 21:56:57,050 - INFO - Inserting question ID: 14
2025-02-16 21:56:57,189 - INFO - HTTP Request: POST https://wdibahzeizsqpwrhcsnv.supabase.co/rest/v1/student_answer?columns=%22selected_option_index%22%2C%22student_exam_id%22%2C%22selected_option_id%22%2C%22question_id%22%2C%22is_correct%22 "HTTP/2 201 Created"
2025-02-16 21:56:57,190 - INFO - Inserting question ID: 15
2025-02-16 21:56:57,331 - INFO - HTTP Request: POST https://wdibahzeizsqpwrhcsnv.supabase.co/rest/v1/student_answer?columns=%22selected_option_index%22%2C%22student_exam_id%22%2C%22selected_option_id%22%2C%22question_id%22%2C%22is_correct%22 "HTTP/2 201 Created"
2025-02-16 21:56:57,332 - INFO - Inserting question ID: 16
2025-02-16 21:56:57,473 - INFO - HTTP Request: POST https://wdibahzeizsqpwrhcsnv.supabase.co/rest/v1/student_answer?columns=%22selected_option_index%22%2C%22student_exam_id%22%2C%22selected_option_id%22%2C%22question_id%22%2C%22is_correct%22 "HTTP/2 201 Created"
2025-02-16 21:56:57,475 - INFO - Inserting question ID: 17
2025-02-16 21:56:57,601 - INFO - HTTP Request: POST https://wdibahzeizsqpwrhcsnv.supabase.co/rest/v1/student_answer?columns=%22selected_option_index%22%2C%22student_exam_id%22%2C%22selected_option_id%22%2C%22question_id%22%2C%22is_correct%22 "HTTP/2 201 Created"
2025-02-16 21:56:57,603 - INFO - Inserting question ID: 18
2025-02-16 21:56:57,729 - INFO - HTTP Request: POST https://wdibahzeizsqpwrhcsnv.supabase.co/rest/v1/student_answer?columns=%22selected_option_index%22%2C%22student_exam_id%22%2C%22selected_option_id%22%2C%22question_id%22%2C%22is_correct%22 "HTTP/2 201 Created"
2025-02-16 21:56:57,730 - INFO - Inserting question ID: 19
2025-02-16 21:56:57,860 - INFO - HTTP Request: POST https://wdibahzeizsqpwrhcsnv.supabase.co/rest/v1/student_answer?columns=%22selected_option_index%22%2C%22student_exam_id%22%2C%22selected_option_id%22%2C%22question_id%22%2C%22is_correct%22 "HTTP/2 201 Created"
2025-02-16 21:56:57,861 - INFO - Inserting question ID: 20
2025-02-16 21:56:57,992 - INFO - HTTP Request: POST https://wdibahzeizsqpwrhcsnv.supabase.co/rest/v1/student_answer?columns=%22selected_option_index%22%2C%22student_exam_id%22%2C%22selected_option_id%22%2C%22question_id%22%2C%22is_correct%22 "HTTP/2 201 Created"
2025-02-16 21:56:57,993 - INFO - Inserting question ID: 21
2025-02-16 21:56:58,124 - INFO - HTTP Request: POST https://wdibahzeizsqpwrhcsnv.supabase.co/rest/v1/student_answer?columns=%22selected_option_index%22%2C%22student_exam_id%22%2C%22selected_option_id%22%2C%22question_id%22%2C%22is_correct%22 "HTTP/2 201 Created"
2025-02-16 21:56:58,126 - INFO - Inserting question ID: 22
2025-02-16 21:56:58,277 - INFO - HTTP Request: POST https://wdibahzeizsqpwrhcsnv.supabase.co/rest/v1/student_answer?columns=%22selected_option_index%22%2C%22student_exam_id%22%2C%22selected_option_id%22%2C%22question_id%22%2C%22is_correct%22 "HTTP/2 201 Created"
2025-02-16 21:56:58,278 - INFO - Inserting question ID: 23
2025-02-16 21:56:58,448 - INFO - HTTP Request: POST https://wdibahzeizsqpwrhcsnv.supabase.co/rest/v1/student_answer?columns=%22selected_option_index%22%2C%22student_exam_id%22%2C%22selected_option_id%22%2C%22question_id%22%2C%22is_correct%22 "HTTP/2 201 Created"
2025-02-16 21:56:58,449 - INFO - Inserting question ID: 24
2025-02-16 21:56:58,584 - INFO - HTTP Request: POST https://wdibahzeizsqpwrhcsnv.supabase.co/rest/v1/student_answer?columns=%22selected_option_index%22%2C%22student_exam_id%22%2C%22selected_option_id%22%2C%22question_id%22%2C%22is_correct%22 "HTTP/2 201 Created"
2025-02-16 21:56:58,585 - INFO - Inserting question ID: 25
2025-02-16 21:56:58,725 - INFO - HTTP Request: POST https://wdibahzeizsqpwrhcsnv.supabase.co/rest/v1/student_answer?columns=%22selected_option_index%22%2C%22student_exam_id%22%2C%22selected_option_id%22%2C%22question_id%22%2C%22is_correct%22 "HTTP/2 201 Created"
2025-02-16 21:56:58,726 - INFO - Inserting question ID: 26
2025-02-16 21:56:58,899 - INFO - HTTP Request: POST https://wdibahzeizsqpwrhcsnv.supabase.co/rest/v1/student_answer?columns=%22selected_option_index%22%2C%22student_exam_id%22%2C%22selected_option_id%22%2C%22question_id%22%2C%22is_correct%22 "HTTP/2 201 Created"
2025-02-16 21:56:58,900 - INFO - Inserting question ID: 27
2025-02-16 21:56:59,044 - INFO - HTTP Request: POST https://wdibahzeizsqpwrhcsnv.supabase.co/rest/v1/student_answer?columns=%22selected_option_index%22%2C%22student_exam_id%22%2C%22selected_option_id%22%2C%22question_id%22%2C%22is_correct%22 "HTTP/2 201 Created"
2025-02-16 21:56:59,046 - INFO - Inserting question ID: 28
2025-02-16 21:56:59,192 - INFO - HTTP Request: POST https://wdibahzeizsqpwrhcsnv.supabase.co/rest/v1/student_answer?columns=%22selected_option_index%22%2C%22student_exam_id%22%2C%22selected_option_id%22%2C%22question_id%22%2C%22is_correct%22 "HTTP/2 201 Created"
2025-02-16 21:56:59,193 - INFO - Inserting question ID: 29
2025-02-16 21:56:59,320 - INFO - HTTP Request: POST https://wdibahzeizsqpwrhcsnv.supabase.co/rest/v1/student_answer?columns=%22selected_option_index%22%2C%22student_exam_id%22%2C%22selected_option_id%22%2C%22question_id%22%2C%22is_correct%22 "HTTP/2 201 Created"
2025-02-16 21:56:59,321 - INFO - Inserting question ID: 30
2025-02-16 21:56:59,533 - INFO - HTTP Request: POST https://wdibahzeizsqpwrhcsnv.supabase.co/rest/v1/student_answer?columns=%22selected_option_index%22%2C%22student_exam_id%22%2C%22selected_option_id%22%2C%22question_id%22%2C%22is_correct%22 "HTTP/2 201 Created"
2025-02-16 21:56:59,535 - INFO - Inserting question ID: 31
2025-02-16 21:56:59,682 - INFO - HTTP Request: POST https://wdibahzeizsqpwrhcsnv.supabase.co/rest/v1/student_answer?columns=%22selected_option_index%22%2C%22student_exam_id%22%2C%22selected_option_id%22%2C%22question_id%22%2C%22is_correct%22 "HTTP/2 201 Created"
2025-02-16 21:56:59,686 - INFO - Inserting question ID: 32
2025-02-16 21:56:59,813 - INFO - HTTP Request: POST https://wdibahzeizsqpwrhcsnv.supabase.co/rest/v1/student_answer?columns=%22selected_option_index%22%2C%22student_exam_id%22%2C%22selected_option_id%22%2C%22question_id%22%2C%22is_correct%22 "HTTP/2 201 Created"
2025-02-16 21:56:59,814 - INFO - 127.0.0.1 - - [16/Feb/2025 21:56:59] "POST /api/analyze/ctt HTTP/1.1" 200 -
